update,reward_mm,reward_exe,mm_inv,mm_pnl,mm_bidq,mm_askq,mm_mktshr,mm_top_action,mm_top_action_pct,exe_doom,exe_left,exe_top_action,exe_top_action_pct
1,-0.024957267567515373,-4.671647071838379,0.12,-6190.394,0.9,0.9,,0,11,0.0,239.0,0,9
2,-0.04833278805017471,-4.5194501876831055,-0.12,3214.474,0.91,0.91,,6,10,0.1,218.9,2,9
3,-0.028556397184729576,-4.791099548339844,0.12,-5210.147,0.9,0.9,,6,11,0.2,240.8,2,9
4,-0.04640263319015503,-4.5386528968811035,-0.02,-2991.319,0.91,0.91,,1,11,0.1,231.6,0,9
5,-0.048719730228185654,-4.337618827819824,-0.13,5047.284,0.92,0.92,,6,11,0.1,245.2,4,9
6,-0.03532654792070389,-4.683047294616699,0.01,-1231.428,0.94,0.94,,0,12,0.4,252.3,4,9
7,-0.009211603552103043,-4.317532062530518,0.04,-2603.558,0.95,0.95,,0,13,0.4,248.5,7,9
8,-0.016398301348090172,-4.042297840118408,0.27,-11230.291,0.96,0.96,,0,17,0.4,258.2,8,9
9,-0.024679146707057953,-3.5051918029785156,0.02,-2064.999,0.97,0.97,,0,20,0.5,272.8,2,10
10,-0.010141454637050629,-5.007203102111816,-0.27,12806.27,0.98,0.98,,0,24,0.6,270.9,8,10
11,0.0002010413445532322,-3.854515552520752,-1.18,51174.203,0.99,0.99,,0,29,0.6,277.4,0,10
12,0.00743448082357645,-4.4593610763549805,-0.58,29792.543,0.99,0.99,,0,27,0.9,294.6,0,11
13,0.005856867413967848,-3.928116798400879,-0.09,-1606.848,0.99,0.99,,0,32,1.2,303.9,0,12
14,0.01222862396389246,-5.099612236022949,-0.56,26254.555,0.99,0.99,,0,39,1.2,320.1,0,13
15,-0.0023491838946938515,-4.3451385498046875,-0.89,37435.359,1.0,1.0,,0,45,1.3,315.6,0,14
16,0.017905063927173615,-5.192217826843262,-0.51,25165.375,1.0,1.0,,0,49,1.5,328.9,0,15
17,-0.0038276202976703644,-4.824084281921387,-1.45,59749.465,1.0,1.0,,0,50,2.1,344.2,0,15
18,0.007381186354905367,-3.9874353408813477,-0.79,21797.139,1.0,1.0,,0,52,2.0,344.5,0,16
19,0.01571379415690899,-5.055119037628174,-1.29,54020.492,1.0,1.0,,0,53,2.3,342.4,0,16
20,0.008798567578196526,-4.607780456542969,-1.3,46990.816,1.0,1.0,,0,51,2.0,347.1,0,16
21,-0.014463295228779316,-5.308182716369629,-1.63,65596.203,1.0,1.0,,0,45,1.8,332.9,0,16
22,0.0405939444899559,-4.4134602546691895,-1.79,77178.477,1.0,1.0,,0,45,1.8,337.1,0,16
23,0.015902237966656685,-3.76531720161438,-2.38,101769.453,1.0,1.0,,0,48,2.0,350.5,0,16
24,0.012838086113333702,-3.8171491622924805,-2.31,110039.625,1.0,1.0,,0,39,2.2,337.7,0,16
25,0.022385109215974808,-4.088262557983398,-2.99,137669.469,1.0,1.0,,0,45,2.5,356.8,0,15
26,0.007391083519905806,-4.654102325439453,-1.78,87452.094,1.0,1.0,,0,46,2.0,341.5,0,14
27,0.010279865935444832,-4.209389686584473,-1.78,66195.047,1.0,1.0,,0,48,2.4,356.1,0,17
28,-0.007284099236130714,-5.194189071655273,-0.13,1338.229,1.0,1.0,,0,47,2.2,350.6,0,19
29,0.03011409193277359,-4.627347946166992,-1.43,53537.219,1.0,1.0,,0,51,2.4,358.6,0,20
30,0.011208899319171906,-3.842040538787842,-0.5,27596.762,1.0,1.0,,0,53,2.6,361.3,0,20
31,0.021577948704361916,-4.9483842849731445,-0.72,32606.576,1.0,1.0,,0,57,2.2,354.0,0,20
32,0.007874850183725357,-4.166814804077148,-2.17,96120.031,1.0,1.0,,0,60,2.3,364.3,0,20
33,0.01264891680330038,-4.4318037033081055,-0.62,1698.15,1.0,1.0,,0,52,2.2,352.1,0,19
34,0.02462802082300186,-4.5865936279296875,-2.05,83059.078,1.0,1.0,,0,58,2.4,368.4,0,20
35,0.01615884341299534,-5.358782768249512,-0.65,34831.605,1.0,1.0,,0,57,2.0,341.2,0,19
36,0.01679259166121483,-3.2984328269958496,-1.34,64665.172,1.0,1.0,,0,52,2.6,354.8,0,19
37,0.015436092391610146,-4.212278366088867,-1.25,61990.637,1.0,1.0,,0,51,2.3,355.6,0,18
38,0.009313296526670456,-5.4782023429870605,-1.45,52731.016,1.0,1.0,,0,48,2.6,362.1,0,18
39,0.02112070471048355,-5.245121002197266,-0.18,5377.946,1.0,1.0,,0,51,2.1,352.7,0,16
40,-0.0008560693822801113,-4.872641563415527,-0.87,36520.609,1.0,1.0,,0,49,2.6,361.7,0,17
41,0.03050232119858265,-4.513007640838623,-0.62,33158.387,1.0,1.0,,0,53,2.2,352.5,0,17
42,0.01180591993033886,-4.073369979858398,-0.64,21040.658,1.0,1.0,,0,54,2.4,357.6,0,16
43,0.02282949537038803,-3.7277488708496094,-1.76,60594.734,1.0,1.0,,0,52,2.6,367.5,0,16
44,0.018705308437347412,-4.745511054992676,-2.19,107463.812,1.0,1.0,,0,53,2.3,360.1,0,16
45,0.007599624805152416,-5.528558731079102,-1.73,77085.828,1.0,1.0,,0,53,1.7,323.9,0,14
46,-0.008956303820014,-4.183440208435059,-1.63,77785.32,1.0,1.0,,0,53,2.7,366.1,0,16
47,-0.014496044255793095,-4.853515625,-0.8,37350.16,1.0,1.0,,0,52,2.0,351.1,0,16
48,0.0034311162307858467,-3.676604986190796,-1.19,48732.039,1.0,1.0,,0,49,2.2,352.3,0,15
49,0.035792890936136246,-3.8768768310546875,-1.63,80755.109,1.0,1.0,,0,46,2.6,367.2,0,17
50,0.007731919176876545,-5.177248001098633,-1.16,63083.414,1.0,1.0,,0,46,1.6,335.0,0,15
51,0.020892001688480377,-2.7154197692871094,-0.96,50407.508,1.0,1.0,,0,48,2.3,362.4,0,16
52,0.01728026196360588,-3.6836864948272705,-0.81,40281.141,1.0,1.0,,0,49,2.0,352.8,0,16
53,0.021150538697838783,-3.6564464569091797,-0.75,41164.43,1.0,1.0,,0,51,2.3,363.8,0,16
54,0.0008973907679319382,-5.2670769691467285,-2.06,99951.656,1.0,1.0,,0,50,1.9,337.3,0,15
55,0.0035727196373045444,-3.7884206771850586,-1.08,51321.0,1.0,1.0,,0,51,2.4,359.2,0,17
56,0.0021438440307974815,-4.75302791595459,-0.7,23497.227,1.0,1.0,,0,48,2.3,354.9,0,16
57,0.0028703156858682632,-4.293178558349609,-1.01,43159.047,1.0,1.0,,0,44,1.9,352.9,0,16
58,0.009920802898705006,-2.5699145793914795,-1.6,65358.281,1.0,1.0,,0,42,2.6,364.8,0,17
59,0.016942627727985382,-3.8220958709716797,-0.5,8391.076,1.0,1.0,,0,41,2.4,358.6,0,17
60,0.008717433549463749,-4.134132385253906,-0.31,3680.356,1.0,1.0,,0,46,2.4,365.3,0,17
61,0.0008991039358079433,-4.666895866394043,-0.67,27535.201,1.0,1.0,,0,41,2.3,351.1,0,18
62,0.014524992555379868,-4.516433238983154,-1.49,61050.41,1.0,1.0,,0,43,2.4,363.0,0,18
63,-0.00952101405709982,-4.734990119934082,-2.16,90295.0,1.0,1.0,,0,36,2.5,361.4,0,17
64,-0.00618106359615922,-4.115866661071777,-2.07,83471.445,1.0,1.0,,0,35,2.6,373.0,0,17
65,0.013598213903605938,-3.575993537902832,-1.78,72869.492,1.0,1.0,,6,36,2.1,350.7,0,17
66,0.002596615580841899,-3.483987808227539,-1.44,65988.078,1.0,1.0,,0,39,2.4,362.7,0,17
67,0.007883647456765175,-4.740251541137695,-2.06,86807.828,1.0,1.0,,0,40,2.5,355.8,0,17
68,0.008416452445089817,-4.05538272857666,-1.72,71001.484,1.0,1.0,,0,43,2.2,361.6,0,16
69,0.016775479540228844,-3.6827945709228516,-1.76,92103.625,1.0,1.0,,0,41,2.5,366.5,0,17
70,0.00895753875374794,-4.3686041831970215,-2.22,88183.031,1.0,1.0,,0,43,2.8,373.3,0,18
71,0.013273969292640686,-5.097428321838379,-1.23,45009.945,1.0,1.0,,0,38,1.9,332.3,0,16
72,0.013035810552537441,-3.5027942657470703,-1.47,79851.133,1.0,1.0,,0,40,1.8,335.3,0,16
73,0.02082698978483677,-3.5608971118927,-1.88,96591.164,1.0,1.0,,0,40,1.7,336.7,0,17
74,0.013063903898000717,-2.8087852001190186,-2.05,101198.031,1.0,1.0,,0,44,2.4,363.4,0,18
75,0.02855035476386547,-4.375701904296875,-1.59,70191.406,1.0,1.0,,0,46,2.0,341.8,0,18
76,0.019644644111394882,-3.846670389175415,0.05,-12275.285,1.0,1.0,,0,44,2.8,383.3,0,18
77,0.00900032464414835,-6.1733479499816895,-1.28,42863.586,1.0,1.0,,0,42,2.6,371.2,0,18
78,0.01014305092394352,-4.401765823364258,-1.39,75893.594,1.0,1.0,,0,41,2.3,352.0,0,16
79,0.0005153981037437916,-4.27629280090332,-1.02,56142.32,1.0,1.0,,0,45,2.9,375.7,0,19
80,0.0034378874115645885,-4.808800220489502,-0.46,15441.023,1.0,1.0,,0,39,3.0,374.5,0,17
81,3.170105628669262e-06,-5.483612060546875,-1.32,57288.371,1.0,1.0,,0,40,2.3,358.9,0,16
82,0.014336197637021542,-3.330582618713379,-0.3,5620.89,1.0,1.0,,0,37,2.7,370.8,0,16
83,-0.0008310992270708084,-5.512691497802734,-0.44,22415.316,1.0,1.0,,0,39,2.3,360.8,0,17
84,0.008053448051214218,-5.051743507385254,-1.37,65857.648,1.0,1.0,,0,34,2.4,357.7,0,16
85,0.006016664206981659,-4.579258918762207,-1.08,50088.445,0.99,0.99,,0,32,2.3,352.6,0,16
86,-0.007275586016476154,-3.419848680496216,-1.12,47447.383,1.0,1.0,,0,37,2.3,352.3,0,16
87,0.005913394503295422,-4.424350261688232,-1.06,43072.594,1.0,1.0,,0,38,2.7,370.2,0,18
88,0.009401318617165089,-3.9178450107574463,-1.78,85004.562,1.0,1.0,,0,37,2.6,368.1,0,18
89,-0.0021744570694863796,-4.384866714477539,-1.26,49603.875,1.0,1.0,,0,30,2.7,375.4,0,17
90,-0.0015150351682677865,-4.605437755584717,-0.81,38863.801,1.0,1.0,,0,31,3.0,376.0,0,17
91,0.009485816583037376,-5.820743560791016,-0.59,31178.703,1.0,1.0,,0,35,2.2,360.7,0,18
92,0.023195933550596237,-4.774538040161133,-1.29,59677.246,1.0,1.0,,0,42,2.2,349.3,0,16
93,0.023083649575710297,-4.012245178222656,-1.58,64713.266,1.0,1.0,,0,47,1.9,336.0,0,17
94,0.019058572128415108,-2.9400696754455566,-1.26,53323.59,1.0,1.0,,0,47,2.4,364.2,0,17
95,0.007961844094097614,-3.081373691558838,-0.72,35034.871,1.0,1.0,,0,45,2.4,355.7,0,16
96,-0.006603347137570381,-2.8885719776153564,-1.66,70538.68,1.0,1.0,,0,38,2.4,363.7,0,16
97,0.0230417400598526,-3.9353272914886475,-2.17,89752.469,1.0,1.0,,0,40,2.4,357.2,0,16
98,-0.00813386868685484,-2.904829978942871,-2.8,138589.375,1.0,1.0,,0,36,2.6,374.5,0,18
99,-0.003998837433755398,-5.084919452667236,-2.64,124067.117,1.0,1.0,,0,34,2.7,375.9,0,19
100,0.014489913359284401,-4.340335845947266,-1.92,85447.367,1.0,1.0,,6,33,3.0,380.5,0,18
101,0.00380738265812397,-5.801209926605225,-1.9,82598.969,1.0,1.0,,6,32,2.7,368.2,0,18
102,0.014538297429680824,-3.927955389022827,-1.98,97834.922,1.0,1.0,,6,35,2.1,348.8,0,15
103,-0.020011484622955322,-4.075632572174072,-2.07,92217.25,1.0,1.0,,6,35,2.5,360.5,0,17
104,0.0011421116068959236,-4.272223472595215,-2.11,95407.703,1.0,1.0,,6,34,3.2,388.9,0,17
105,-0.005928833037614822,-4.417851448059082,-1.94,97274.094,1.0,1.0,,6,34,2.6,368.9,0,16
106,0.005576639901846647,-3.9100124835968018,-2.0,86576.828,1.0,1.0,,6,34,2.8,374.8,0,18
107,-0.017193857580423355,-4.659710884094238,-2.28,122382.297,1.0,1.0,,6,33,2.4,357.9,0,16
108,0.018661977723240852,-4.391523838043213,-2.23,117404.875,1.0,1.0,,6,34,2.2,351.5,0,17
109,0.01661236584186554,-3.7375245094299316,-1.71,75990.555,1.0,1.0,,0,36,2.7,372.1,0,16
110,0.01073717512190342,-4.157072067260742,-1.23,67098.453,1.0,1.0,,0,34,1.9,352.3,0,16
111,0.0005328806582838297,-2.2860629558563232,-1.9,80893.867,1.0,1.0,,6,34,2.6,373.2,0,17
112,0.019777409732341766,-4.970454216003418,-2.28,102306.828,1.0,1.0,,6,36,2.6,375.5,0,17
113,0.015294731594622135,-5.034430503845215,-2.36,107665.672,1.0,1.0,,6,38,2.9,377.8,0,17
114,0.012042984366416931,-5.039844989776611,-2.42,112244.711,1.0,1.0,,6,36,3.0,385.2,0,18
115,-0.0016010715626180172,-5.440982818603516,-2.04,95761.242,1.0,1.0,,6,34,2.3,358.8,0,15
116,0.017429335042834282,-4.219902992248535,-1.45,51809.684,1.0,1.0,,0,34,2.5,348.0,0,16
117,0.0016171615570783615,-4.476253509521484,-2.35,115275.039,1.0,1.0,,0,41,2.4,364.4,0,16
118,0.024723343551158905,-4.551482677459717,-1.61,73936.469,1.0,1.0,,0,39,2.0,341.1,0,15
119,0.003867377294227481,-3.557849884033203,-1.99,98668.906,1.0,1.0,,0,36,2.3,356.5,0,15
120,0.0015431782230734825,-3.511568784713745,-2.73,126706.297,1.0,1.0,,6,34,2.5,360.8,0,16
121,0.020997140556573868,-4.411990642547607,-2.05,95184.703,1.0,1.0,,6,36,2.1,350.6,0,15
122,0.02045704796910286,-4.028718948364258,-2.42,108923.867,1.0,1.0,,6,32,2.9,377.7,0,16
123,0.019828587770462036,-4.723386764526367,-1.19,56145.422,1.0,1.0,,6,32,2.7,372.6,0,15
124,0.004141808953136206,-4.648712635040283,-1.58,66650.633,1.0,1.0,,6,31,1.9,340.8,0,15
125,0.011850539594888687,-3.4213411808013916,-2.19,95885.156,1.0,1.0,,6,31,2.6,368.8,0,16
126,0.0042221578769385815,-5.102289199829102,-1.73,71364.109,1.0,1.0,,0,34,2.4,361.3,0,15
127,0.00014941999688744545,-4.628243923187256,-0.94,41324.609,1.0,1.0,,6,29,2.4,365.2,0,16
128,0.0077336798422038555,-4.767086982727051,-1.39,62518.406,1.0,1.0,,0,29,2.2,339.5,0,16
129,0.02379959635436535,-3.556565284729004,-1.11,47799.539,1.0,1.0,,0,29,2.7,373.6,0,16
130,0.015259696170687675,-4.666531562805176,-0.57,41102.211,1.0,1.0,,0,29,2.2,351.3,0,15
131,0.028257988393306732,-3.702415943145752,-0.33,8694.273,1.0,1.0,,0,31,2.3,345.5,0,15
132,0.003504771739244461,-4.362597465515137,-0.8,41887.977,1.0,1.0,,0,29,2.7,375.8,0,15
133,0.025516949594020844,-4.926433563232422,-1.18,57680.703,1.0,1.0,,6,30,2.4,352.8,0,14
134,0.01600034162402153,-4.080971717834473,-1.71,81211.125,1.0,1.0,,6,33,2.7,367.6,0,14
135,0.03021284192800522,-5.553354263305664,-2.03,90432.578,1.0,1.0,,6,31,2.7,373.7,0,16
136,0.019274456426501274,-4.258586883544922,-1.87,90071.516,1.0,1.0,,6,31,2.0,353.7,0,15
137,0.02432483248412609,-4.179638862609863,-0.55,19663.16,1.0,1.0,,6,31,2.4,357.8,0,16
138,0.013799639418721199,-4.179108619689941,-1.33,53410.09,1.0,1.0,,6,32,2.3,363.6,0,16
139,0.008156299591064453,-3.6547255516052246,-1.05,40325.848,1.0,1.0,,6,30,2.7,360.1,0,16
140,0.005494941025972366,-4.624865531921387,-2.14,90449.609,1.0,1.0,,6,30,2.2,345.9,0,15
141,0.0034772520884871483,-3.848414897918701,-1.14,55183.734,1.0,1.0,,6,29,2.5,363.0,0,15
142,0.025406427681446075,-4.044676780700684,-1.04,45908.262,1.0,1.0,,6,35,2.3,357.4,0,16
143,0.011243443936109543,-3.6958487033843994,-2.6,118056.906,1.0,1.0,,6,36,2.3,365.0,0,16
144,0.014507878571748734,-3.8611021041870117,-2.11,100637.219,1.0,1.0,,6,40,2.0,348.0,0,15
145,0.014545613899827003,-4.333099365234375,-1.49,69682.688,1.0,1.0,,6,40,3.0,376.7,0,17
146,0.005760820582509041,-5.185433387756348,-1.61,72680.359,1.0,1.0,,6,38,2.5,357.9,0,15
147,0.0068793813697993755,-4.647586822509766,-2.04,97139.07,1.0,1.0,,6,36,2.4,359.7,0,16
148,0.02960709109902382,-4.326096534729004,-2.25,94519.734,1.0,1.0,,0,41,2.4,352.8,0,15
149,0.00611950783059001,-3.2589635848999023,-1.4,54419.961,1.0,1.0,,0,39,2.5,355.4,0,16
150,0.0199423860758543,-3.9354233741760254,-1.89,84444.047,1.0,1.0,,0,40,2.7,358.1,0,18
151,0.031013043597340584,-4.058969497680664,-1.67,73814.773,1.0,1.0,,0,41,2.7,366.6,0,17
152,0.03623059391975403,-3.580059766769409,-1.61,81704.984,1.0,1.0,,0,41,2.3,351.7,0,16
153,0.04830998182296753,-3.732093334197998,-1.89,87917.32,1.0,1.0,,0,40,2.7,367.9,0,18
154,0.02998482435941696,-5.007646560668945,-1.98,81094.344,1.0,1.0,,0,42,2.2,343.3,0,16
155,0.007703923154622316,-3.660003900527954,-2.01,92291.25,1.0,1.0,,0,38,1.9,330.5,0,18
156,0.029278665781021118,-3.5408949851989746,-2.22,117255.844,1.0,1.0,,6,39,2.4,359.4,0,16
157,0.01977928727865219,-4.183039665222168,-2.1,83104.969,1.0,1.0,,6,41,2.1,353.3,0,17
158,0.00292190071195364,-3.9265480041503906,-2.95,144142.281,1.0,1.0,,0,39,2.2,355.7,0,16
159,0.0209832563996315,-3.621288299560547,-2.25,94995.328,1.0,1.0,,6,36,2.4,360.0,0,16
160,-0.01106538251042366,-3.7782821655273438,-1.63,75057.297,1.0,1.0,,0,37,2.2,343.0,0,17
161,0.027812503278255463,-4.015233039855957,-2.06,87262.609,1.0,1.0,,0,39,2.1,350.7,0,14
162,-0.007714739069342613,-3.8802149295806885,-2.17,94007.578,1.0,1.0,,0,38,2.4,364.7,0,18
163,0.033719152212142944,-3.4615137577056885,-1.45,64178.633,1.0,1.0,,6,30,2.9,371.9,0,17
164,0.016549689695239067,-4.382691860198975,-2.0,91525.945,1.0,1.0,,0,33,2.4,359.3,0,18
165,0.01281712856143713,-3.942953586578369,-0.64,19940.615,1.0,1.0,,0,29,3.1,385.4,0,17
166,0.01535987388342619,-5.603762626647949,-1.09,37251.5,1.0,1.0,,0,34,2.0,341.2,0,16
167,0.015754496678709984,-3.235342025756836,-0.23,13098.645,1.0,1.0,,0,34,2.5,361.2,0,17
168,0.02317322976887226,-5.137569427490234,-0.5,21195.035,1.0,1.0,,0,32,2.0,340.3,0,16
169,0.02942892722785473,-3.9684813022613525,-1.11,54740.25,1.0,1.0,,0,37,2.1,336.2,0,16
170,0.00997787993401289,-4.032639503479004,-1.89,86063.172,1.0,1.0,,0,42,2.4,362.4,0,16
171,0.02332792803645134,-3.739382028579712,-1.46,75029.156,1.0,1.0,,0,40,2.4,354.3,0,17
172,0.027353335171937943,-3.92189884185791,-1.7,78031.359,1.0,1.0,,0,44,2.9,364.9,0,17
173,0.02440076321363449,-4.536760330200195,-0.76,21640.605,1.0,1.0,,0,40,2.9,375.0,0,17
174,0.01918514259159565,-4.747518539428711,-1.05,42759.004,1.0,1.0,,0,38,2.3,358.1,0,17
175,0.019746247678995132,-3.495300769805908,-1.35,69815.719,1.0,1.0,,0,40,2.1,358.7,0,16
176,0.015999358147382736,-4.077902317047119,-1.27,59746.316,1.0,1.0,,0,42,2.8,366.5,0,18
177,0.025504479184746742,-4.261211395263672,-1.17,55015.219,1.0,1.0,,0,45,2.8,374.2,0,17
178,0.025501923635601997,-5.289420127868652,-1.99,82881.32,1.0,1.0,,0,45,2.4,354.9,0,15
179,0.008974362164735794,-3.8427345752716064,-1.78,71338.266,1.0,1.0,,0,46,2.6,366.8,0,16
180,0.005272698123008013,-4.023693561553955,-2.29,100744.297,1.0,1.0,,0,47,2.0,342.3,0,14
181,0.03629329055547714,-3.815553665161133,-2.98,127304.945,1.0,1.0,,0,45,2.4,349.3,0,15
182,0.02163342759013176,-4.173369407653809,-2.55,132745.438,1.0,1.0,,0,42,2.5,357.6,0,16
183,0.01784859597682953,-4.838051795959473,-1.79,94186.461,1.0,1.0,,0,38,2.5,360.0,0,15
184,0.000882572028785944,-3.7229957580566406,-2.26,105532.148,1.0,1.0,,0,40,2.5,360.0,0,15
185,0.019987836480140686,-5.583526611328125,-2.29,112576.766,1.0,1.0,,0,37,2.3,348.6,0,15
186,0.01589587889611721,-3.716721773147583,-1.87,92955.281,1.0,1.0,,0,35,2.5,368.3,0,16
187,0.011630143970251083,-5.270754337310791,-1.22,60250.859,1.0,1.0,,6,33,2.0,334.2,0,15
188,0.03483882546424866,-3.9155373573303223,-1.82,88318.531,1.0,1.0,,6,31,2.7,362.7,0,15
189,0.024674423038959503,-4.711217880249023,-1.69,71970.055,1.0,1.0,,0,30,2.7,366.6,0,16
190,0.02476782351732254,-4.477221488952637,-1.1,46571.465,1.0,1.0,,6,28,2.6,370.1,0,16
191,0.011675835587084293,-5.047998428344727,-1.21,65739.609,1.0,1.0,,6,30,2.2,349.2,0,16
192,0.03394122049212456,-3.998900890350342,-1.83,95330.844,1.0,1.0,,0,35,2.5,358.0,0,16
193,0.03663457930088043,-4.387228965759277,-1.35,57400.527,1.0,1.0,,0,32,2.2,350.6,0,15
194,0.045525483787059784,-4.084046363830566,-1.63,78578.891,1.0,1.0,,0,31,2.4,359.9,0,17
195,0.024172673001885414,-3.875307321548462,-1.55,73753.953,1.0,1.0,,0,31,2.7,359.4,0,16
196,0.02094161882996559,-5.706660270690918,-1.11,44475.734,1.0,1.0,,0,30,2.8,367.7,0,17
197,0.009382076561450958,-4.978887557983398,-0.4,13432.521,1.0,1.0,,6,32,2.4,361.1,0,17
198,0.011545563116669655,-4.042413711547852,-1.18,60355.414,1.0,1.0,,0,32,2.5,367.4,0,16
199,0.03029346652328968,-3.9328713417053223,-1.41,62195.613,1.0,1.0,,0,33,2.5,374.8,0,16
200,0.020930998027324677,-4.962594985961914,-0.84,32928.785,1.0,1.0,,0,27,2.4,354.9,0,16
201,0.032672226428985596,-4.090575695037842,-1.1,46826.742,1.0,1.0,,0,28,2.7,378.7,0,16
202,0.02752365730702877,-4.1222920417785645,-1.29,65530.664,1.0,1.0,,0,30,2.3,350.5,0,17
203,0.02462969347834587,-3.4105348587036133,-0.75,30073.281,1.0,1.0,,0,28,2.9,375.4,0,15
204,0.02947988733649254,-4.5817060470581055,-0.39,15281.581,1.0,1.0,,6,26,2.6,362.9,0,16
205,0.019894825294613838,-4.209873676300049,-0.72,30385.363,1.0,1.0,,6,29,2.8,359.1,0,16
206,0.005885499529540539,-4.757599830627441,-1.16,58316.547,1.0,1.0,,0,33,2.1,335.1,0,15
207,0.03238452225923538,-2.885465621948242,-1.08,51076.527,1.0,1.0,,0,33,3.1,379.4,0,17
208,0.020070184022188187,-5.4154582023620605,-0.72,34849.312,1.0,1.0,,6,34,2.2,371.3,0,17
209,0.014593139290809631,-2.940051555633545,-1.06,52303.141,1.0,1.0,,6,33,2.4,351.9,0,15
210,0.032182421535253525,-4.821122169494629,-1.96,84566.719,1.0,1.0,,0,32,2.0,331.1,0,14
211,0.016444075852632523,-2.9603424072265625,-1.36,64274.383,1.0,1.0,,6,33,3.2,387.4,0,16
212,0.02242235094308853,-5.00293493270874,-1.89,90121.242,1.0,1.0,,6,31,2.8,375.0,0,16
213,0.011066109873354435,-3.6345887184143066,-1.19,55018.68,1.0,1.0,,6,32,2.4,365.6,0,16
214,0.032071661204099655,-4.122535705566406,-0.95,42755.625,1.0,1.0,,6,37,2.9,384.5,0,16
215,0.005279912613332272,-5.689857482910156,-1.61,80774.016,1.0,1.0,,6,35,2.2,351.7,0,14
216,0.023066606372594833,-4.457091331481934,-1.62,70958.609,1.0,1.0,,6,36,2.7,370.4,0,16
217,0.0033801812678575516,-4.064924240112305,-2.28,96175.078,1.0,1.0,,6,33,2.4,359.4,0,14
218,0.017240993678569794,-3.6843366622924805,-1.37,58655.574,1.0,1.0,,6,32,2.4,365.1,8,14
219,0.03620185703039169,-3.783719062805176,-1.53,72354.078,1.0,1.0,,6,33,2.8,367.5,0,15
220,0.031670425087213516,-4.70643424987793,-1.79,78337.523,1.0,1.0,,6,34,2.7,378.5,0,16
221,0.034532688558101654,-4.878482341766357,-1.33,58337.641,1.0,1.0,,6,33,2.5,363.9,0,15
222,0.03626631200313568,-6.164180755615234,-2.14,93234.969,1.0,1.0,,0,35,2.6,364.1,0,15
223,0.041799481958150864,-4.349043369293213,-1.5,66090.984,1.0,1.0,,0,35,2.8,373.3,0,16
224,0.029817290604114532,-4.725666046142578,-1.01,49327.668,1.0,1.0,,6,32,2.9,379.3,0,15
225,0.027464451268315315,-5.043806552886963,-1.63,71043.688,1.0,1.0,,0,35,2.2,346.1,0,15
226,0.012651588767766953,-3.4580492973327637,-2.22,109542.734,1.0,1.0,,0,39,3.1,378.8,0,15
227,0.03078044019639492,-5.792020320892334,-1.52,84173.234,1.0,1.0,,6,33,2.7,374.1,0,16
228,0.04694122076034546,-4.943518161773682,-2.14,103797.414,1.0,1.0,,0,39,2.9,368.0,0,15
229,0.0289929062128067,-4.982178688049316,-1.81,75608.359,1.0,1.0,,0,40,2.1,353.1,0,13
230,0.015152276493608952,-3.4440813064575195,-1.49,73825.68,1.0,1.0,,0,34,3.0,378.0,0,15
231,0.03289506211876869,-5.44568395614624,-1.58,68943.555,1.0,1.0,,0,38,2.1,348.7,0,14
232,0.020303813740611076,-3.39432954788208,-2.25,114129.336,1.0,1.0,,0,42,2.2,355.6,0,14
233,0.02081923745572567,-3.86837100982666,-2.11,90078.25,1.0,1.0,,0,45,2.9,377.3,0,16
234,0.009796843864023685,-5.341696262359619,-2.13,94183.406,1.0,1.0,,0,41,3.0,381.8,0,16
235,0.00481945276260376,-5.665342807769775,-2.48,114370.875,1.0,1.0,,0,45,2.5,350.7,0,15
236,0.029799528419971466,-3.807107925415039,-1.94,88953.078,1.0,1.0,,0,47,2.4,356.2,0,15
237,0.04207391291856766,-4.356403827667236,-1.67,74599.148,1.0,1.0,,0,48,2.3,356.2,0,15
238,0.03229011595249176,-4.814196586608887,-1.68,73385.094,1.0,1.0,,0,48,2.1,354.0,0,15
239,0.038343824446201324,-3.817688465118408,-1.99,92349.664,1.0,1.0,,0,51,3.0,379.0,0,16
240,0.030176742002367973,-6.294406890869141,-2.09,98097.641,1.0,1.0,,0,50,2.2,349.2,0,15
241,0.034304000437259674,-3.721156120300293,-0.99,42590.172,1.0,1.0,,0,43,2.7,370.2,0,17
242,0.028208421543240547,-3.9532649517059326,-1.35,67212.992,1.0,1.0,,0,46,2.2,341.9,0,15
243,0.02625686675310135,-4.552966117858887,-1.78,78651.172,1.0,1.0,,0,42,2.2,353.0,0,16
244,0.025298651307821274,-3.2850306034088135,-1.53,72125.523,1.0,1.0,,0,42,2.7,364.7,0,14
245,0.03721535950899124,-4.30766487121582,-1.28,53921.648,1.0,1.0,,0,37,1.8,342.0,0,15
246,0.030557841062545776,-2.5981593132019043,-0.98,44606.641,1.0,1.0,,0,38,2.7,364.0,0,15
247,0.027229346334934235,-4.260488033294678,-1.16,48715.754,1.0,1.0,,0,39,2.6,367.8,0,16
248,0.02278866618871689,-4.549285411834717,-0.63,32946.984,1.0,1.0,,0,37,2.4,353.4,0,15
249,0.031639132648706436,-4.008635997772217,-1.14,53737.133,1.0,1.0,,0,34,2.7,363.7,0,16
250,0.013234483078122139,-4.125802040100098,-0.77,36437.684,1.0,1.0,,0,34,2.0,339.1,0,14
251,0.04964451864361763,-2.777853488922119,-1.07,56445.109,1.0,1.0,,0,36,2.2,351.3,0,16
252,0.03944312781095505,-4.143708229064941,-0.57,30624.297,1.0,1.0,,6,33,2.3,360.9,0,16
253,0.03939361870288849,-4.196733474731445,-1.2,58119.473,1.0,1.0,,0,35,2.3,351.2,0,15
254,0.022452471777796745,-3.7037460803985596,-1.59,80691.383,1.0,1.0,,0,39,2.1,343.1,0,14
255,0.027957577258348465,-3.759329319000244,-0.63,29487.711,1.0,1.0,,6,36,2.3,363.3,0,15
256,0.020015627145767212,-4.452325820922852,-1.11,51491.383,1.0,1.0,,0,32,2.0,348.8,0,14
257,0.027370035648345947,-3.1862642765045166,-1.23,62772.434,1.0,1.0,,6,31,2.4,349.7,0,16
258,0.036422207951545715,-4.424098014831543,-1.17,58970.0,1.0,1.0,,6,32,2.0,356.1,0,15
259,0.044314660131931305,-3.4812004566192627,-1.29,63891.637,1.0,1.0,,6,32,3.0,383.7,0,16
260,0.010661575943231583,-5.240474224090576,-0.7,31761.828,1.0,1.0,,6,34,2.7,377.1,0,15
261,0.011201515793800354,-4.232861518859863,-1.15,51050.727,1.0,1.0,,6,33,2.3,350.2,0,15
262,0.046547241508960724,-3.623426914215088,-0.83,43971.676,1.0,1.0,,6,34,3.0,385.2,0,16
263,0.03102593868970871,-4.085396766662598,-1.31,67133.703,1.0,1.0,,6,32,2.1,349.0,0,15
264,0.013515436090528965,-3.7935328483581543,-1.3,65501.875,1.0,1.0,,6,32,2.8,365.4,0,15
265,0.033667609095573425,-4.284143447875977,-1.31,63135.273,1.0,1.0,,6,33,2.6,370.7,0,16
266,0.029700757935643196,-6.204625129699707,-1.25,56733.48,1.0,1.0,,6,32,2.5,360.0,0,17
267,0.00852819625288248,-4.1872148513793945,-1.38,61787.336,1.0,1.0,,6,31,2.9,370.5,0,16
268,0.03911198675632477,-4.4651875495910645,-1.05,45603.844,1.0,1.0,,6,33,2.5,357.4,0,15
269,0.037279438227415085,-3.784398078918457,-1.0,42911.57,1.0,1.0,,6,33,2.1,336.2,0,14
270,0.031036730855703354,-3.2529053688049316,-1.07,48368.113,1.0,1.0,,6,33,2.2,345.8,0,15
271,0.026088831946253777,-3.963820695877075,-1.11,51758.008,1.0,1.0,,6,32,3.1,376.3,0,16
272,0.021255163475871086,-5.932034969329834,-1.0,48863.449,1.0,1.0,,6,34,2.4,360.2,0,15
273,0.027356866747140884,-3.92425537109375,-1.59,76125.711,1.0,1.0,,6,33,2.6,363.3,0,16
274,0.022313127294182777,-4.9687581062316895,-1.21,61497.164,1.0,1.0,,6,31,2.1,333.5,0,15
275,0.03691677376627922,-3.835578441619873,-1.06,48642.727,1.0,1.0,,6,34,2.2,350.5,0,16
276,0.03587616607546806,-3.9268598556518555,-1.24,60076.625,1.0,1.0,,6,33,2.3,351.5,0,14
277,0.04620175063610077,-3.6618947982788086,-1.35,62173.363,1.0,1.0,,6,31,2.1,340.1,0,14
278,0.017756382003426552,-2.252126932144165,-1.24,56174.32,1.0,1.0,,6,32,2.5,357.9,0,16
279,0.017912302166223526,-4.434364318847656,-1.13,55629.574,1.0,1.0,,6,29,2.8,361.6,0,15
280,0.03577849641442299,-5.216384410858154,-1.3,61968.398,1.0,1.0,,6,28,2.0,337.5,0,15
281,0.05211934819817543,-3.3686609268188477,-1.09,52551.824,1.0,1.0,,6,32,2.4,350.6,0,15
282,0.042878203094005585,-4.433337688446045,-1.37,57237.145,1.0,1.0,,0,33,2.7,361.9,0,16
283,0.01457829400897026,-5.019840240478516,-0.83,37830.262,1.0,1.0,,6,34,2.5,361.2,0,14
284,0.04136558622121811,-3.5854153633117676,-1.56,76913.141,1.0,1.0,,0,29,2.6,367.4,0,16
285,0.03252142295241356,-3.5303847789764404,-1.05,49901.336,1.0,1.0,,6,36,2.5,361.8,0,15
286,0.024034248664975166,-4.375049591064453,-1.07,44653.602,1.0,1.0,,6,31,2.8,376.2,0,16
287,0.030657105147838593,-4.469595909118652,-0.77,29048.137,1.0,1.0,,6,34,2.7,367.1,0,15
288,0.014443540014326572,-4.541417121887207,-0.87,41495.648,1.0,1.0,,6,35,2.5,357.8,0,14
289,0.02422477863729,-3.7901992797851562,-1.04,50184.297,1.0,1.0,,0,32,2.3,350.9,0,15
290,0.043448057025671005,-4.248080253601074,-0.79,42041.984,1.0,1.0,,6,31,2.6,356.0,0,16
291,0.041223835200071335,-4.401552200317383,-0.42,22535.695,1.0,1.0,,6,33,2.7,373.7,0,16
292,0.02113458141684532,-5.050360679626465,-0.88,45470.141,1.0,1.0,,0,30,2.5,369.7,0,17
293,0.042959507554769516,-3.860110282897949,-1.01,44646.93,1.0,1.0,,0,31,2.4,352.6,0,15
294,0.02510271966457367,-4.350307464599609,-1.28,68551.938,1.0,1.0,,6,34,2.6,363.3,0,16
295,0.014033239334821701,-5.409941673278809,-1.07,52902.82,1.0,1.0,,0,28,2.7,357.4,0,14
296,0.022249922156333923,-3.8177177906036377,-0.7,25886.562,1.0,1.0,,6,34,2.5,355.5,0,15
297,0.020657338201999664,-5.256111145019531,-0.62,25608.312,1.0,1.0,,6,34,2.2,337.9,0,14
298,0.03476807847619057,-3.7219154834747314,-1.35,75666.492,1.0,1.0,,6,29,2.2,343.0,0,14
299,0.023840097710490227,-3.412276268005371,-1.27,60797.246,1.0,1.0,,6,30,2.6,352.0,0,15
300,0.025099996477365494,-4.297486305236816,-0.84,45398.125,1.0,1.0,,6,34,2.2,353.7,0,15
301,0.04137857258319855,-3.8078384399414062,-1.2,56686.312,1.0,1.0,,6,28,2.3,343.2,0,14
302,0.029424093663692474,-3.549647808074951,-1.01,49490.414,1.0,1.0,,6,32,2.2,349.7,0,15
303,0.024759164080023766,-4.0600810050964355,-1.05,45421.68,1.0,1.0,,6,31,2.6,360.4,0,15
304,0.022340163588523865,-4.8148298263549805,-0.45,16237.944,1.0,1.0,,6,38,2.5,355.7,0,15
305,0.035213518887758255,-3.943336009979248,-0.96,48425.609,1.0,1.0,,6,33,2.5,360.1,0,15
306,0.028783297166228294,-3.5809876918792725,-1.19,57952.102,1.0,1.0,,6,31,2.6,359.4,0,15
307,0.031630389392375946,-4.83343505859375,-0.55,28006.004,1.0,1.0,,6,37,2.3,350.9,8,13
308,0.017007481306791306,-3.916283130645752,-0.87,38447.523,1.0,1.0,,6,35,2.5,364.8,0,15
309,0.033954497426748276,-4.700839519500732,-0.69,31495.791,1.0,1.0,,6,32,2.1,351.7,0,14
310,0.041330039501190186,-3.4747843742370605,-0.91,46648.203,1.0,1.0,,6,34,2.7,371.1,0,15
311,0.01969911903142929,-3.8216352462768555,-0.68,35003.492,1.0,1.0,,6,38,2.4,356.2,0,14
312,0.03515243157744408,-4.1946587562561035,-0.55,28664.154,1.0,1.0,,6,38,2.2,349.6,0,14
313,0.023474734276533127,-3.607473611831665,-0.14,13853.131,1.0,1.0,,6,36,2.4,353.2,0,15
314,0.02696514129638672,-4.465241432189941,-0.67,33631.418,1.0,1.0,,6,33,3.2,383.6,0,15
315,0.03351578116416931,-5.274364948272705,-1.08,55576.57,1.0,1.0,,6,31,2.4,347.9,0,15
316,0.02078213170170784,-3.749758243560791,-1.0,48306.516,1.0,1.0,,6,37,2.2,344.5,0,13
317,0.0342639721930027,-4.715527534484863,-1.19,59341.98,1.0,1.0,,6,32,2.1,340.2,0,14
318,0.03556670993566513,-3.8298473358154297,-1.17,54548.539,1.0,1.0,,6,35,2.5,362.7,0,16
319,0.020694727078080177,-4.182428359985352,-1.0,44977.113,1.0,1.0,,6,35,2.5,358.2,0,14
320,0.0027895616367459297,-4.497710227966309,-1.4,68852.07,1.0,1.0,,0,34,2.0,334.4,0,13
321,0.02825666405260563,-4.5409064292907715,-1.05,53716.555,1.0,1.0,,6,33,2.5,360.0,0,15
322,0.025504421442747116,-4.768496513366699,-1.24,58151.059,1.0,1.0,,0,33,2.5,368.9,0,14
323,0.035762280225753784,-4.13041353225708,-1.18,58226.805,1.0,1.0,,0,33,2.4,356.3,0,15
324,0.03733813017606735,-4.64244270324707,-1.17,48936.664,1.0,1.0,,6,32,2.1,345.7,0,13
325,0.03176236152648926,-3.176231861114502,-1.16,58373.176,1.0,1.0,,0,34,2.1,347.4,0,13
326,0.04039229452610016,-3.6784558296203613,-1.27,53890.062,1.0,1.0,,0,35,2.0,341.4,0,14
327,0.031081322580575943,-3.802828073501587,-1.02,43823.242,1.0,1.0,,0,32,2.8,369.3,0,14
328,0.018385184928774834,-4.563183784484863,-0.71,34083.559,1.0,1.0,,6,32,2.5,359.5,0,14
329,0.018543215468525887,-3.9141082763671875,-0.85,41938.133,1.0,1.0,,6,32,2.8,368.7,8,15
330,0.03425136208534241,-4.665889739990234,-0.78,38046.484,1.0,1.0,,6,34,2.2,346.7,0,13
331,0.03330998867750168,-4.044610977172852,-1.61,70646.523,1.0,1.0,,0,35,2.2,349.6,0,14
332,0.037703290581703186,-3.302157402038574,-0.9,41034.375,1.0,1.0,,0,30,2.3,346.7,0,14
333,0.054196637123823166,-4.108476638793945,-1.0,42328.832,1.0,1.0,,0,32,2.5,357.0,8,14
334,0.02476324699819088,-3.94205904006958,-0.9,36782.469,1.0,1.0,,0,34,2.9,378.3,0,16
335,0.014754940755665302,-6.9811201095581055,-1.45,71847.406,1.0,1.0,,0,35,3.1,369.3,0,14
336,0.02547324262559414,-4.645510673522949,-1.16,48559.008,1.0,1.0,,0,33,2.8,367.3,0,14
337,0.03585860878229141,-4.681613922119141,-1.28,63613.258,1.0,1.0,,6,32,2.1,335.2,0,14
338,0.04478076472878456,-3.9322311878204346,-1.16,52217.633,1.0,1.0,,0,29,2.8,366.8,0,14
339,0.05169118195772171,-4.324013710021973,-1.31,68168.109,1.0,1.0,,0,32,2.2,356.3,0,15
340,0.03384546935558319,-4.781795501708984,-1.47,62151.48,1.0,1.0,,0,38,2.6,360.7,0,14
341,0.012633508071303368,-5.547574996948242,-1.35,66879.609,1.0,1.0,,0,35,2.5,348.4,0,14
342,0.03219127282500267,-3.7482118606567383,-1.05,47501.027,1.0,1.0,,0,37,2.6,361.8,8,13
343,0.023522648960351944,-5.15977144241333,-0.8,37352.477,1.0,1.0,,0,35,3.0,370.2,0,14
344,0.017750442028045654,-5.176375389099121,-1.28,55854.164,1.0,1.0,,0,37,2.3,356.7,0,14
345,0.032236870378255844,-3.6100034713745117,-1.16,56229.645,1.0,1.0,,0,38,2.8,368.9,0,13
346,0.034366004168987274,-4.303804397583008,-0.92,45071.953,1.0,1.0,,0,34,2.3,349.8,0,13
347,0.014022208750247955,-4.398957252502441,-1.22,52899.68,1.0,1.0,,0,34,2.5,357.9,12,14
348,0.023568367585539818,-4.44788122177124,-1.85,77466.375,1.0,1.0,,0,39,2.2,353.9,0,15
349,0.01637992635369301,-4.498988151550293,-1.66,79528.281,1.0,1.0,,0,40,2.6,357.1,0,14
350,0.009982113726437092,-4.070387840270996,-1.29,59391.859,1.0,1.0,,0,34,2.1,348.9,0,14
351,0.038169730454683304,-3.9868454933166504,-1.12,53266.094,1.0,1.0,,0,33,2.4,360.1,8,13
352,0.029827550053596497,-3.852367401123047,-1.43,63458.766,1.0,1.0,,0,32,2.5,356.0,8,13
353,0.021481413394212723,-4.306187629699707,-0.81,33353.043,1.0,1.0,,6,32,2.1,344.0,12,13
354,0.028111707419157028,-3.6963419914245605,-1.12,53855.184,1.0,1.0,,0,30,2.0,337.0,0,13
355,0.010297096334397793,-3.545323133468628,-0.87,37301.828,1.0,1.0,,0,28,2.4,354.1,0,15
356,0.016070418059825897,-3.6520450115203857,-0.48,24430.277,1.0,1.0,,6,32,1.9,329.9,12,13
357,0.04037121683359146,-3.1380162239074707,-1.06,46165.5,1.0,1.0,,0,34,2.5,361.1,0,14
358,0.04052945226430893,-3.6053383350372314,-0.48,13355.766,1.0,1.0,,6,31,2.4,359.3,0,14
359,0.03798115998506546,-4.105718612670898,-0.29,14507.472,1.0,1.0,,6,33,1.8,333.6,8,13
360,0.04414069280028343,-3.994424819946289,-0.61,32774.812,1.0,1.0,,6,31,2.4,343.5,12,13
361,0.023368680849671364,-5.174385070800781,-0.82,36671.711,1.0,1.0,,0,31,2.0,332.6,0,12
362,0.04348330199718475,-3.762751579284668,-0.71,38163.246,1.0,1.0,,0,32,2.1,338.0,12,13
363,0.03582266718149185,-3.2282207012176514,-0.5,30353.43,1.0,1.0,,6,29,2.1,351.6,12,13
364,0.04806315898895264,-4.089841842651367,-0.85,36131.621,1.0,1.0,,0,32,2.2,353.8,0,13
365,0.04066229984164238,-4.466126918792725,-0.67,34086.441,1.0,1.0,,0,32,2.6,355.6,12,14
366,0.04442523419857025,-4.71419095993042,-1.08,54029.598,1.0,1.0,,0,34,1.4,324.7,12,14
367,0.0273146852850914,-3.8178770542144775,-1.26,66766.188,1.0,1.0,,0,35,2.8,370.6,0,15
368,0.03025917336344719,-5.2982611656188965,-1.14,54035.82,1.0,1.0,,0,31,2.3,354.1,0,14
369,0.03240712359547615,-4.024824619293213,-0.69,30726.824,1.0,1.0,,6,28,2.1,350.0,12,13
370,0.038651324808597565,-3.308443069458008,-0.98,46269.883,1.0,1.0,,0,30,2.5,364.3,0,14
371,0.026736753061413765,-4.560048580169678,-1.1,54653.914,1.0,1.0,,0,34,2.5,360.1,0,14
372,0.01617247238755226,-4.124606132507324,-1.38,73961.297,1.0,1.0,,0,34,2.3,346.2,12,14
373,0.03171074390411377,-4.652779579162598,-0.94,48091.105,1.0,1.0,,0,32,2.1,342.7,12,14
374,0.024859236553311348,-4.14935302734375,-0.84,39612.316,1.0,1.0,,0,32,2.0,330.3,0,13
375,0.041167452931404114,-3.9731297492980957,-0.99,41881.836,1.0,1.0,,0,34,2.1,346.0,12,14
376,0.010068109259009361,-3.7021260261535645,-1.09,56203.438,1.0,1.0,,0,38,2.3,359.2,0,14
377,0.027820754796266556,-4.924663066864014,-1.69,65849.633,1.0,1.0,,0,40,2.0,338.7,12,15
378,0.019030215218663216,-3.6300339698791504,-1.08,42920.508,1.0,1.0,,0,36,2.6,366.6,12,13
379,0.03293188288807869,-4.32711124420166,-1.26,58457.359,1.0,1.0,,0,35,2.1,342.6,0,13
380,0.03445923328399658,-3.5059056282043457,-1.09,50947.836,1.0,1.0,,0,38,1.9,333.4,0,13
381,0.05941986292600632,-3.170708179473877,-1.19,55640.406,1.0,1.0,,0,40,2.7,362.6,8,13
382,0.023507606238126755,-4.116274833679199,-1.74,82270.289,1.0,1.0,,0,44,2.2,338.2,8,13
383,0.029087379574775696,-3.680171251296997,-1.44,54530.406,1.0,1.0,,0,42,2.2,345.5,0,13
384,0.032363347709178925,-4.134625434875488,-1.75,91286.953,1.0,1.0,,0,42,1.7,323.4,12,14
385,0.03427496924996376,-4.061494827270508,-1.41,68840.125,1.0,1.0,,0,38,1.8,328.3,12,13
386,0.04744439572095871,-3.435483455657959,-1.31,60320.73,1.0,1.0,,0,38,2.6,360.8,0,14
387,0.029567323625087738,-4.664366722106934,-1.78,91283.859,1.0,1.0,,0,42,2.3,348.9,0,13
388,0.03907662257552147,-4.6755876541137695,-1.74,80323.055,1.0,1.0,,0,38,2.1,337.9,12,13
389,0.02504321187734604,-3.446504831314087,-1.42,65827.453,1.0,1.0,,0,43,2.2,350.2,12,13
390,0.03624118119478226,-4.807483673095703,-1.11,42903.656,1.0,1.0,,0,35,2.2,349.3,12,13
391,0.020956695079803467,-3.6999130249023438,-1.55,80554.297,1.0,1.0,,0,38,2.2,346.2,0,13
392,0.03179287537932396,-3.8779239654541016,-1.72,84213.461,1.0,1.0,,0,39,2.4,351.7,12,13
393,0.023112203925848007,-4.666563987731934,-1.28,58384.977,1.0,1.0,,0,35,2.2,350.2,0,13
394,0.012760596349835396,-4.183133125305176,-1.0,52193.344,1.0,1.0,,0,33,2.6,361.6,0,13
395,0.032600052654743195,-4.510484218597412,-1.31,60287.109,1.0,1.0,,0,32,2.7,379.8,0,13
396,0.021295215934515,-4.94300651550293,-1.65,81188.391,1.0,1.0,,0,34,2.1,338.1,0,14
397,0.028571657836437225,-4.376983642578125,-1.21,58916.531,1.0,1.0,,0,31,2.1,344.6,12,13
398,0.027836721390485764,-3.713341236114502,-1.21,50512.57,1.0,1.0,,6,29,3.0,377.8,0,14
399,0.021417345851659775,-5.574828147888184,-1.31,68493.672,1.0,1.0,,6,32,2.3,360.7,12,14
400,0.026164313778281212,-4.336672306060791,-1.63,78274.148,1.0,1.0,,0,30,1.9,336.0,12,13
401,0.03264133632183075,-3.2529916763305664,-1.69,82676.531,1.0,1.0,,0,33,1.9,328.5,12,14
402,0.04004513472318649,-3.684558153152466,-1.2,49924.066,1.0,1.0,,6,28,2.2,339.6,12,13
403,0.017632462084293365,-4.367082118988037,-1.25,55686.223,1.0,1.0,,6,29,2.5,349.4,12,14
404,0.04515764117240906,-3.8794870376586914,-1.24,64823.41,1.0,1.0,,0,30,2.3,350.6,12,14
405,0.03880296275019646,-3.8934872150421143,-1.44,67561.938,1.0,1.0,,0,34,1.8,327.5,12,14
406,0.039506539702415466,-3.0968546867370605,-1.54,83970.273,1.0,1.0,,0,36,2.6,360.7,12,13
407,0.04249554127454758,-5.095942497253418,-1.07,48084.953,1.0,1.0,,0,31,2.1,337.6,12,13
408,0.039672888815402985,-3.893355369567871,-1.55,76611.703,1.0,1.0,,0,33,2.3,353.5,12,14
409,0.027458906173706055,-4.261719703674316,-1.15,60678.57,1.0,1.0,,0,31,2.4,345.2,12,13
410,0.03337521478533745,-4.628267765045166,-1.45,65728.984,1.0,1.0,,0,33,2.4,349.5,12,14
411,0.034629449248313904,-4.9556379318237305,-1.18,52423.43,1.0,1.0,,0,35,1.9,351.2,12,13
412,0.014113681390881538,-3.531813144683838,-1.26,58028.551,1.0,1.0,,0,32,2.0,330.5,12,13
413,0.030639268457889557,-4.992774963378906,-1.59,73652.078,1.0,1.0,,0,32,2.4,356.1,12,14
414,0.030983498319983482,-3.897634506225586,-1.33,67175.781,1.0,1.0,,0,30,2.5,360.5,0,14
415,0.03846222534775734,-4.471661567687988,-0.99,41874.355,1.0,1.0,,6,32,2.2,331.3,12,13
416,0.03169599920511246,-3.9125895500183105,-1.23,53781.809,1.0,1.0,,0,29,1.8,330.9,12,13
417,0.03921172395348549,-3.114772319793701,-1.26,69000.922,1.0,1.0,,0,30,2.5,363.5,12,13
418,0.025839392095804214,-5.152124404907227,-1.06,53941.707,1.0,1.0,,6,33,1.8,338.5,12,13
419,0.0258234404027462,-4.482820510864258,-1.25,63376.199,1.0,1.0,,6,30,2.6,373.8,0,13
420,0.020049478858709335,-4.890332221984863,-1.16,51735.246,1.0,1.0,,0,29,2.0,336.6,12,14
421,0.03348088264465332,-3.298123359680176,-0.89,45514.43,1.0,1.0,,0,29,2.2,349.2,12,14
422,0.026773640885949135,-4.4672532081604,-1.32,62581.062,1.0,1.0,,0,32,2.2,345.9,0,13
423,0.0424092635512352,-4.617783546447754,-1.59,66012.016,1.0,1.0,,0,34,2.2,350.8,12,14
424,0.027288254350423813,-4.031784534454346,-1.66,78686.953,1.0,1.0,,0,36,2.2,342.9,12,13
425,0.0263447854667902,-3.9458463191986084,-1.2,62468.348,1.0,1.0,,0,34,2.3,364.6,12,13
426,0.04522230103611946,-4.335700988769531,-1.44,67516.555,1.0,1.0,,0,37,2.0,333.4,12,13
427,0.028188439086079597,-3.9021735191345215,-1.16,51727.051,1.0,1.0,,0,35,2.1,345.8,0,14
428,0.04317080229520798,-4.233664512634277,-1.07,48706.422,1.0,1.0,,0,35,2.1,343.0,12,13
429,0.036731868982315063,-4.465207099914551,-1.58,68547.938,1.0,1.0,,0,40,2.1,346.0,0,13
430,0.03895784914493561,-3.5377840995788574,-0.99,43267.766,1.0,1.0,,0,33,2.0,335.0,0,13
431,0.03719427436590195,-4.769475936889648,-1.63,82141.406,1.0,1.0,,0,39,1.6,319.7,12,12
432,0.03275468945503235,-3.8526647090911865,-1.38,58912.977,1.0,1.0,,0,34,2.0,328.0,0,13
433,0.05056045949459076,-3.8065481185913086,-0.98,46203.562,1.0,1.0,,6,31,2.1,346.5,12,14
434,0.028817636892199516,-3.1171913146972656,-1.25,53631.664,1.0,1.0,,0,31,2.0,348.6,12,13
435,0.021284518763422966,-3.7579784393310547,-1.73,81250.297,1.0,1.0,,0,32,2.3,341.5,12,13
436,0.028726069256663322,-3.7454092502593994,-1.12,48950.734,1.0,1.0,,6,30,2.2,343.3,0,13
437,0.02871861681342125,-3.8238086700439453,-1.23,60874.102,1.0,1.0,,0,31,2.1,345.8,12,14
438,0.024586772546172142,-4.250066757202148,-0.9,41984.129,1.0,1.0,,6,28,1.9,339.9,12,14
439,0.05589091777801514,-3.1538891792297363,-1.02,47470.09,1.0,1.0,,0,31,1.8,331.9,11,13
440,0.036070965230464935,-3.1212220191955566,-1.55,66989.75,1.0,1.0,,0,32,1.9,325.0,12,13
441,0.03627334535121918,-3.613306999206543,-1.21,62377.625,1.0,1.0,,0,34,1.3,317.6,12,14
442,0.03536509722471237,-3.34501051902771,-1.15,54779.828,1.0,1.0,,0,32,2.1,341.8,12,14
443,0.005149442236870527,-4.412503242492676,-1.17,51167.422,1.0,1.0,,0,31,2.7,364.0,12,13
444,0.03582343831658363,-5.44463586807251,-1.21,60059.672,1.0,1.0,,0,30,2.0,345.0,12,14
445,0.04342937096953392,-3.95041823387146,-1.61,71762.312,1.0,1.0,,0,34,2.1,333.4,11,12
446,0.038677312433719635,-3.8201241493225098,-1.2,55093.684,1.0,1.0,,0,35,1.8,320.9,12,14
447,0.0318465381860733,-2.9602084159851074,-1.26,57417.477,1.0,1.0,,0,31,1.8,342.8,12,13
448,0.04377398639917374,-4.327767372131348,-1.68,73765.242,1.0,1.0,,0,34,1.5,323.5,12,13
449,0.024570224806666374,-3.689739465713501,-1.51,71100.172,1.0,1.0,,0,32,2.0,334.7,12,13
450,0.014669360592961311,-2.9910523891448975,-1.26,65205.336,1.0,1.0,,0,34,1.6,327.6,12,13
451,0.022430110722780228,-4.184015274047852,-1.17,59438.562,1.0,1.0,,0,36,1.9,331.3,12,13
452,0.016996953636407852,-4.980319023132324,-1.39,66760.016,1.0,1.0,,0,33,1.8,328.1,12,14
453,0.010403583757579327,-2.8404722213745117,-1.3,57499.863,1.0,1.0,,0,34,2.0,339.8,12,13
454,0.02839820459485054,-4.704469680786133,-1.59,69280.109,1.0,1.0,,0,34,2.5,359.9,12,13
455,0.025180736556649208,-3.145939350128174,-1.3,54862.73,1.0,1.0,,0,29,2.5,350.5,12,14
456,0.04611147940158844,-4.555764198303223,-1.16,54207.203,1.0,1.0,,6,29,2.1,339.6,12,14
457,0.025077147409319878,-3.806480884552002,-1.81,73276.211,1.0,1.0,,0,32,1.7,319.9,12,14
458,0.02221282199025154,-3.569490432739258,-1.3,60084.047,1.0,1.0,,0,29,1.8,335.3,12,14
459,0.017378704622387886,-4.814295768737793,-1.6,67485.492,1.0,1.0,,0,28,2.3,350.6,12,13
460,0.03796020895242691,-5.129622459411621,-1.1,57494.477,1.0,1.0,,6,33,2.0,338.4,12,13
461,0.0384797677397728,-3.826819896697998,-1.36,56818.18,1.0,1.0,,6,29,1.8,326.3,12,13
462,0.03910859301686287,-3.8016200065612793,-1.25,58753.523,1.0,1.0,,6,30,1.5,318.1,12,15
463,0.0440569743514061,-2.8953542709350586,-1.79,87314.719,1.0,1.0,,0,32,2.0,339.6,12,14
464,0.03179905563592911,-3.93211030960083,-1.19,49842.668,1.0,1.0,,6,32,1.6,306.0,12,14
465,0.03888905048370361,-3.0275516510009766,-1.37,65508.363,1.0,1.0,,6,33,1.8,333.8,12,14
466,0.03327218443155289,-4.229794502258301,-1.1,55461.441,1.0,1.0,,0,34,2.0,327.6,12,14
467,0.05251147970557213,-4.232820987701416,-1.69,76162.094,1.0,1.0,,0,37,2.2,343.6,12,13
468,0.029863592237234116,-4.929488182067871,-1.42,67513.875,1.0,1.0,,0,35,2.0,334.4,12,13
469,0.03374307602643967,-4.928492546081543,-1.41,60705.867,1.0,1.0,,0,35,1.8,326.9,12,15
470,0.026199914515018463,-3.313662528991699,-1.04,35182.234,1.0,1.0,,6,32,2.6,353.4,12,15
471,0.038322120904922485,-4.432199478149414,-1.13,48528.234,1.0,1.0,,6,33,1.6,318.9,12,14
472,0.04595711827278137,-3.4865965843200684,-1.34,61142.379,1.0,1.0,,0,33,1.9,336.4,12,15
473,0.02989392913877964,-3.4536242485046387,-1.08,58898.805,1.0,1.0,,0,33,1.7,314.7,12,16
474,0.04216679185628891,-4.323581695556641,-0.73,36888.098,1.0,1.0,,6,31,1.7,326.7,12,14
475,0.025946468114852905,-3.60792875289917,-1.4,66125.602,1.0,1.0,,0,35,2.3,346.4,12,15
476,0.03261842206120491,-5.057933330535889,-1.0,41779.395,1.0,1.0,,0,31,2.1,350.1,12,13
477,0.030558403581380844,-4.312515735626221,-1.53,63062.781,1.0,1.0,,0,34,1.7,318.6,12,14
478,0.020401671528816223,-3.545436382293701,-1.56,80425.531,1.0,1.0,,0,35,1.9,335.1,12,14
479,0.04476308450102806,-4.3142242431640625,-1.2,51939.789,1.0,1.0,,6,32,2.0,338.5,12,14
480,0.024523600935935974,-4.845267295837402,-1.1,53435.242,1.0,1.0,,0,31,1.9,325.3,12,13
481,0.046938128769397736,-3.368685245513916,-1.86,77236.961,1.0,1.0,,0,36,1.9,324.4,12,13
482,0.04189077019691467,-3.3372089862823486,-1.38,65724.016,1.0,1.0,,0,37,1.5,305.0,12,15
483,0.030541380867362022,-3.6413543224334717,-1.55,59550.215,1.0,1.0,,0,39,1.8,333.9,12,16
484,0.04596986621618271,-4.281233787536621,-1.1,54488.895,1.0,1.0,,0,36,2.0,344.5,12,14
485,0.030377108603715897,-4.457733154296875,-1.53,66735.984,1.0,1.0,,0,39,1.9,332.0,12,14
486,0.045432016253471375,-4.3255815505981445,-1.69,83449.547,1.0,1.0,,0,41,2.1,339.9,12,14
487,0.04298645257949829,-4.743829727172852,-1.5,74571.125,1.0,1.0,,0,36,1.9,328.0,12,15
488,0.03335930407047272,-4.175642967224121,-0.78,28239.32,1.0,1.0,,6,35,2.2,351.7,12,15
489,0.016528774052858353,-4.251153945922852,-1.0,48259.344,1.0,1.0,,6,34,2.1,344.1,12,14
490,0.03105444461107254,-4.286830425262451,-1.59,81661.391,1.0,1.0,,0,31,1.7,324.1,12,14
491,0.04410640150308609,-4.249638557434082,-1.57,75946.484,1.0,1.0,,0,32,2.1,336.6,12,15
492,0.04047125577926636,-4.49139404296875,-1.38,61535.859,1.0,1.0,,0,30,1.7,323.8,12,15
493,0.03343571722507477,-2.9627737998962402,-1.29,60280.496,1.0,1.0,,0,32,2.0,341.5,12,14
494,0.02481381967663765,-3.9057421684265137,-1.41,68627.234,1.0,1.0,,0,33,1.7,330.7,12,15
495,0.04102848842740059,-3.600762367248535,-1.16,56158.008,1.0,1.0,,0,34,2.4,356.9,12,13
496,0.040561478585004807,-4.679956436157227,-1.68,78490.141,1.0,1.0,,0,35,1.5,313.0,12,15
497,0.05203501135110855,-3.225550651550293,-0.88,39257.207,1.0,1.0,,6,32,2.2,334.2,12,14
498,0.03295430168509483,-5.2358856201171875,-1.42,61700.938,1.0,1.0,,0,34,1.8,334.8,12,14
499,0.04207359254360199,-4.851435661315918,-1.23,61128.293,1.0,1.0,,0,31,2.0,345.7,12,14
500,0.019015876576304436,-4.20778226852417,-1.21,52601.391,1.0,1.0,,0,31,1.7,322.1,12,15
501,0.02598506771028042,-3.1270813941955566,-1.5,68470.102,1.0,1.0,,0,32,2.0,326.6,12,15
502,0.018151238560676575,-2.705919027328491,-1.76,83405.203,1.0,1.0,,0,34,1.3,301.4,12,14
503,0.03230711445212364,-3.1045660972595215,-1.26,56318.301,1.0,1.0,,0,34,2.0,332.1,12,14
504,0.05208224803209305,-4.847113609313965,-1.4,65584.531,1.0,1.0,,0,34,1.7,326.2,12,14
505,0.03251255303621292,-3.7300918102264404,-1.32,56350.297,1.0,1.0,,0,31,2.3,360.4,12,15
506,0.02336404100060463,-3.9206461906433105,-1.37,61838.695,1.0,1.0,,0,35,1.7,329.1,12,14
507,0.04657301306724548,-4.713720321655273,-1.45,65525.395,1.0,1.0,,0,34,1.9,332.0,12,14
508,0.030252713710069656,-3.8431763648986816,-1.59,68331.578,1.0,1.0,,0,34,1.6,320.3,12,14
509,0.047010913491249084,-3.4479732513427734,-1.28,60235.547,1.0,1.0,,0,31,1.5,315.0,12,14
510,0.05713709443807602,-2.4931414127349854,-1.3,63447.238,1.0,1.0,,0,31,1.9,338.1,12,15
511,0.03854449838399887,-3.8318428993225098,-1.03,39337.352,1.0,1.0,,6,27,2.2,342.5,12,14
512,0.017879823222756386,-3.1288743019104004,-2.21,102134.953,1.0,1.0,,0,34,1.7,319.1,12,15
513,0.03745770454406738,-3.877009630203247,-1.25,50706.977,1.0,1.0,,0,28,2.0,337.5,12,14
514,0.024075180292129517,-3.6821513175964355,-0.99,47241.344,1.0,1.0,,6,29,1.7,329.2,12,15
515,0.03161682188510895,-3.7250847816467285,-0.78,35509.945,1.0,1.0,,6,31,1.5,319.5,12,15
516,0.040924228727817535,-3.4098024368286133,-1.39,62352.355,1.0,1.0,,0,32,2.1,334.0,12,15
517,0.022366829216480255,-3.8857853412628174,-1.07,50418.0,1.0,1.0,,0,33,2.1,345.6,12,15
518,0.026158977299928665,-4.53251838684082,-1.51,78059.164,1.0,1.0,,0,33,1.6,323.0,12,15
519,0.054396890103816986,-2.6841812133789062,-1.2,51863.297,1.0,1.0,,0,35,1.7,326.9,12,14
520,0.025729801505804062,-3.8118064403533936,-1.92,89822.055,1.0,1.0,,0,41,1.9,326.8,12,15
521,0.03460802137851715,-4.515453815460205,-1.52,64432.797,1.0,1.0,,0,37,1.8,336.4,12,15
522,0.03467662259936333,-3.9588260650634766,-1.38,62059.164,1.0,1.0,,0,39,2.2,341.7,12,15
523,0.025500096380710602,-3.6274263858795166,-1.9,81853.703,1.0,1.0,,0,42,1.3,310.5,12,14
524,0.0291360542178154,-2.7550933361053467,-1.57,68397.859,1.0,1.0,,0,35,1.6,314.4,12,14
525,0.023335762321949005,-3.3527464866638184,-1.75,86614.125,1.0,1.0,,0,36,1.6,318.1,12,15
526,0.02598590776324272,-3.79524564743042,-1.75,83016.227,1.0,1.0,,0,38,1.9,335.0,12,14
527,0.0457218661904335,-4.086524963378906,-1.31,64043.051,1.0,1.0,,0,35,1.8,329.7,12,15
528,0.051517222076654434,-3.6792988777160645,-1.46,68698.781,1.0,1.0,,0,36,1.4,315.0,12,14
529,0.052857935428619385,-3.8133044242858887,-1.05,42907.309,1.0,1.0,,6,33,1.6,325.2,12,16
530,0.03370954096317291,-3.1464011669158936,-1.47,63137.293,1.0,1.0,,0,33,2.0,337.8,12,14
531,0.031940169632434845,-4.088717460632324,-1.54,73419.867,1.0,1.0,,0,29,1.5,319.0,12,15
532,0.03129560500383377,-3.9170143604278564,-1.54,72563.344,1.0,1.0,,0,31,1.9,332.4,12,14
533,0.012319203466176987,-4.299257278442383,-0.88,38710.547,1.0,1.0,,6,34,1.8,325.8,12,14
534,0.02968691475689411,-3.759347915649414,-1.35,64471.715,1.0,1.0,,0,29,1.7,323.5,12,15
535,0.031196540221571922,-3.6110007762908936,-1.23,55100.613,1.0,1.0,,6,30,2.1,333.8,12,14
536,0.03575591742992401,-3.872321128845215,-1.11,56072.031,1.0,1.0,,6,30,1.9,336.1,12,13
537,0.034025244414806366,-5.0305352210998535,-1.21,53659.039,1.0,1.0,,6,30,1.0,279.1,12,14
538,0.04304156452417374,-2.6456799507141113,-1.36,74633.094,1.0,1.0,,0,31,1.9,331.8,12,14
539,0.04332800954580307,-4.256486892700195,-1.59,69915.047,1.0,1.0,,0,33,1.8,335.6,12,15
540,0.04105062782764435,-4.397233009338379,-1.43,58470.172,1.0,1.0,,0,31,1.7,319.6,12,15
541,0.03305518627166748,-3.1540403366088867,-1.43,56430.938,1.0,1.0,,0,27,1.8,332.9,12,15
542,0.03516048192977905,-3.5730297565460205,-0.93,45224.859,1.0,1.0,,0,30,1.9,340.6,12,14
543,0.04176023229956627,-4.235862731933594,-1.38,60806.125,1.0,1.0,,0,30,1.8,318.4,12,15
544,0.039536140859127045,-3.807001829147339,-1.2,49023.672,1.0,1.0,,6,32,1.8,330.5,12,15
545,0.01098593883216381,-3.5723626613616943,-1.1,38383.16,1.0,1.0,,6,29,2.5,352.9,12,14
546,0.039178989827632904,-4.304737567901611,-1.13,41214.875,1.0,1.0,,6,29,2.2,341.9,12,14
547,0.029321318492293358,-4.716799736022949,-1.34,50642.57,1.0,1.0,,0,32,1.7,333.8,12,14
548,0.032583579421043396,-3.2163217067718506,-0.98,37095.039,1.0,1.0,,6,31,1.8,335.8,12,15
549,0.02449372038245201,-3.6075336933135986,-1.11,48380.184,1.0,1.0,,0,30,1.8,323.8,12,15
550,0.0372401624917984,-5.0088372230529785,-0.97,50149.68,1.0,1.0,,6,30,1.6,313.3,12,14
551,0.04216854274272919,-3.3064613342285156,-1.14,58927.191,1.0,1.0,,0,32,1.9,340.2,12,14
552,0.04354196786880493,-4.05763053894043,-1.3,55254.344,1.0,1.0,,0,32,1.6,325.6,12,15
553,0.03720363229513168,-2.921689033508301,-0.98,44435.871,1.0,1.0,,6,32,2.2,354.0,12,15
554,0.03211841732263565,-5.524473190307617,-1.6,83197.648,1.0,1.0,,0,32,1.2,300.4,12,15
555,0.047678492963314056,-2.997100830078125,-1.65,75809.625,1.0,1.0,,0,34,2.4,355.3,12,14
556,0.018883254379034042,-4.997398376464844,-1.41,58142.293,1.0,1.0,,0,33,2.1,344.2,12,15
557,0.03131827339529991,-4.341643810272217,-1.2,63203.789,1.0,1.0,,6,31,2.0,342.3,12,15
558,0.030769703909754753,-5.364270210266113,-0.95,41597.266,1.0,1.0,,6,31,1.8,338.0,12,15
559,0.01983490213751793,-4.543389320373535,-1.08,52863.527,1.0,1.0,,6,32,1.5,304.4,12,16
560,0.051791511476039886,-3.3595895767211914,-1.15,39169.629,1.0,1.0,,6,31,2.0,334.4,12,14
561,0.03029143437743187,-3.59340763092041,-1.02,49898.609,1.0,1.0,,0,31,2.0,337.8,12,15
562,0.025351034477353096,-4.019690036773682,-1.4,66857.164,1.0,1.0,,0,34,1.8,335.5,12,15
563,0.04902501031756401,-3.752267360687256,-1.29,64167.91,1.0,1.0,,0,32,2.0,348.9,12,15
564,0.022202637046575546,-4.356693267822266,-1.48,73411.266,1.0,1.0,,0,31,1.7,325.4,12,14
565,0.042500659823417664,-3.0747122764587402,-1.44,62451.965,1.0,1.0,,0,32,1.8,337.3,12,15
566,0.031325116753578186,-3.5831589698791504,-1.67,79248.242,1.0,1.0,,0,36,2.1,348.0,12,14
567,0.04330834001302719,-4.519059658050537,-0.62,25568.117,1.0,1.0,,6,35,2.3,346.5,12,14
568,0.04632360860705376,-4.356269836425781,-1.67,66152.312,1.0,1.0,,0,33,1.7,338.2,12,15
569,0.02866877242922783,-3.315316677093506,-1.85,86457.109,1.0,1.0,,0,39,2.0,336.5,12,15
570,0.040343478322029114,-3.960557460784912,-1.5,68199.906,1.0,1.0,,0,33,1.7,324.4,12,15
571,0.04427412152290344,-3.994485378265381,-1.65,76694.969,1.0,1.0,,0,34,1.6,322.7,12,15
572,0.02709094062447548,-3.3619260787963867,-1.2,54975.422,1.0,1.0,,6,31,1.3,306.6,12,15
573,0.03953007608652115,-2.5444118976593018,-1.19,50623.078,1.0,1.0,,0,33,1.3,309.7,12,14
574,0.043667376041412354,-2.948467969894409,-1.16,54611.574,1.0,1.0,,0,35,1.8,331.9,12,15
575,0.022151727229356766,-3.0625548362731934,-1.39,61322.766,1.0,1.0,,0,32,1.7,319.6,12,15
576,0.035835422575473785,-3.2799112796783447,-1.46,65236.211,1.0,1.0,,0,36,1.8,336.9,12,15
577,0.03810746222734451,-3.837925910949707,-1.78,81802.461,1.0,1.0,,0,38,1.6,308.2,12,15
578,0.017744360491633415,-4.219594955444336,-1.65,75732.477,1.0,1.0,,0,36,1.7,327.4,12,15
579,0.03204257786273956,-4.060978889465332,-1.49,63128.004,1.0,1.0,,0,35,1.3,314.1,12,14
580,0.037665314972400665,-3.7253544330596924,-1.54,67623.141,1.0,1.0,,0,33,1.4,321.0,12,14
581,0.03835834190249443,-3.7312798500061035,-1.24,56683.129,1.0,1.0,,0,34,1.4,319.0,12,15
582,0.03704630583524704,-3.7950921058654785,-1.0,47397.109,1.0,1.0,,0,31,2.0,340.5,12,14
583,0.04219403862953186,-4.404440402984619,-1.3,55034.117,1.0,1.0,,0,31,1.4,311.7,12,15
584,0.032849833369255066,-3.128016710281372,-1.3,63720.727,1.0,1.0,,0,31,1.8,338.6,12,16
585,0.04966728761792183,-3.6532909870147705,-1.16,50912.406,1.0,1.0,,0,34,1.8,335.3,12,14
586,0.04650799185037613,-4.654134750366211,-1.49,70959.203,1.0,1.0,,0,37,1.7,332.6,12,15
587,0.04859953373670578,-4.330657005310059,-1.4,69813.391,1.0,1.0,,0,37,2.0,330.8,12,15
588,0.02839854173362255,-3.6440718173980713,-0.99,47690.754,1.0,1.0,,0,32,1.7,324.7,12,14
589,0.045914433896541595,-3.5948309898376465,-1.2,49113.867,1.0,1.0,,0,39,1.5,310.1,12,15
590,0.04619836062192917,-3.1734061241149902,-1.86,86643.961,1.0,1.0,,0,40,1.3,322.0,12,15
591,0.028981931507587433,-2.9697060585021973,-1.58,67316.641,1.0,1.0,,0,39,1.5,308.8,12,14
592,0.033533576875925064,-3.744718313217163,-1.19,58059.793,1.0,1.0,,0,36,1.7,319.3,12,15
593,0.04435613751411438,-4.849618911743164,-1.29,65327.203,1.0,1.0,,0,37,1.8,336.1,12,15
594,0.04861174523830414,-4.619333744049072,-1.6,78190.898,1.0,1.0,,0,38,1.3,314.2,12,15
595,0.027780745178461075,-2.182201862335205,-1.36,68899.711,1.0,1.0,,0,38,1.2,293.4,12,15
596,0.04065517336130142,-3.2775912284851074,-1.61,63343.66,1.0,1.0,,0,37,1.7,327.9,12,15
597,0.043570905923843384,-3.6301803588867188,-1.01,40699.656,1.0,1.0,,0,32,1.7,332.4,12,14
598,0.032959334552288055,-3.6494908332824707,-1.41,77899.812,1.0,1.0,,0,34,1.7,323.1,12,15
599,0.05025191977620125,-3.80570650100708,-1.51,70648.828,1.0,1.0,,0,35,1.9,321.3,12,14
600,0.037512168288230896,-3.4848849773406982,-0.9,42744.672,1.0,1.0,,0,34,1.8,326.0,11,14
601,0.03883153200149536,-4.05302619934082,-1.22,53971.047,1.0,1.0,,0,33,1.7,323.3,12,14
602,0.02635447308421135,-3.150453567504883,-1.38,63937.414,1.0,1.0,,0,34,1.6,312.9,11,14
603,0.036587655544281006,-3.4658918380737305,-1.25,65795.852,1.0,1.0,,0,32,1.2,309.2,12,14
604,0.021020105108618736,-3.7462120056152344,-0.76,35974.852,1.0,1.0,,0,30,1.9,323.3,12,14
605,0.04478546231985092,-5.2835822105407715,-0.92,40510.523,1.0,1.0,,6,27,2.0,331.4,11,14
606,0.034234680235385895,-4.11643123626709,-1.29,56724.188,1.0,1.0,,0,31,1.4,315.2,12,15
607,0.039040457457304,-3.2565462589263916,-1.24,57810.852,1.0,1.0,,0,28,1.2,309.5,12,14
608,0.02594604343175888,-2.5205631256103516,-1.3,60218.242,1.0,1.0,,0,29,1.6,323.4,12,14
609,0.04336337000131607,-3.4918808937072754,-1.33,64507.953,1.0,1.0,,0,31,1.6,325.7,12,14
610,0.01850501447916031,-3.8618717193603516,-1.13,56963.281,1.0,1.0,,0,26,1.5,320.2,12,15
611,0.035996392369270325,-3.713404655456543,-1.45,61506.176,1.0,1.0,,0,30,1.6,322.3,12,15
612,0.027806293219327927,-4.069705486297607,-1.71,77234.305,1.0,1.0,,0,30,1.3,303.3,12,15
613,0.02202776074409485,-2.6630873680114746,-1.32,52979.16,1.0,1.0,,0,31,1.6,337.7,12,15
614,0.03766459971666336,-3.522439956665039,-1.23,57367.117,1.0,1.0,,0,31,1.6,322.3,12,14
615,0.04003607854247093,-3.32082462310791,-1.38,64118.445,1.0,1.0,,0,33,1.5,304.4,12,15
616,0.04475206509232521,-3.9135518074035645,-1.67,75130.539,1.0,1.0,,0,32,1.6,323.2,12,15
617,0.030959956347942352,-4.623044967651367,-0.93,47822.461,1.0,1.0,,6,31,1.6,329.3,12,14
618,0.049625903367996216,-3.908892869949341,-1.37,58396.328,1.0,1.0,,0,29,2.1,348.1,12,15
619,0.020866842940449715,-4.9893083572387695,-1.4,63820.328,1.0,1.0,,0,31,1.4,324.4,12,14
620,0.02690553106367588,-4.386532306671143,-1.25,62147.258,1.0,1.0,,0,31,1.9,326.2,12,15
621,0.03562471270561218,-3.293567657470703,-1.35,61257.031,1.0,1.0,,0,32,1.5,315.3,12,15
622,0.037217848002910614,-3.5255284309387207,-1.54,71179.984,1.0,1.0,,0,31,1.4,311.0,11,15
623,0.024929560720920563,-3.0962486267089844,-2.05,99071.062,1.0,1.0,,0,37,1.6,322.8,12,15
624,0.027184586971998215,-3.970768928527832,-1.93,79005.641,1.0,1.0,,0,33,1.6,320.9,12,15
625,0.019692830741405487,-2.9839298725128174,-1.51,69594.859,1.0,1.0,,0,34,1.5,310.2,12,15
626,0.04384941607713699,-4.421500205993652,-1.8,84484.688,1.0,1.0,,0,35,1.6,325.6,12,15
627,0.04494775831699371,-3.711367130279541,-1.41,60351.902,1.0,1.0,,0,34,1.8,330.6,12,15
628,0.029771283268928528,-4.386683464050293,-1.8,79919.195,1.0,1.0,,0,40,1.7,313.9,12,15
629,0.04126301780343056,-3.8354403972625732,-1.94,93757.094,1.0,1.0,,0,42,1.4,315.2,12,14
630,0.03582300990819931,-3.739795684814453,-1.65,74207.594,1.0,1.0,,0,34,1.9,334.2,12,15
631,0.03595319017767906,-4.721590995788574,-1.73,75835.812,1.0,1.0,,0,37,1.8,310.3,12,15
632,0.04576319828629494,-3.487287759780884,-1.57,72088.0,1.0,1.0,,0,36,1.9,336.2,12,15
633,0.02750268206000328,-4.692967891693115,-1.59,69458.688,1.0,1.0,,0,34,1.6,308.7,12,15
634,0.03883570805191994,-2.9282326698303223,-1.79,95037.867,1.0,1.0,,0,37,1.4,313.2,12,15
635,0.02886422909796238,-4.225532054901123,-1.45,68215.117,1.0,1.0,,0,35,1.9,324.5,12,14
636,0.04171521216630936,-5.007758140563965,-1.86,88589.25,1.0,1.0,,0,36,1.8,335.4,12,15
637,0.028139198198914528,-4.151337146759033,-1.54,67168.719,1.0,1.0,,0,35,1.6,319.2,12,15
638,0.029789511114358902,-3.8019821643829346,-1.82,86494.336,1.0,1.0,,0,37,1.5,313.8,12,15
639,0.02846585214138031,-4.625361442565918,-1.45,70181.891,1.0,1.0,,0,33,1.3,308.8,12,16
640,0.04131586477160454,-3.329832077026367,-1.46,66238.375,1.0,1.0,,0,33,1.3,313.6,12,14
641,0.040376968681812286,-3.425323247909546,-1.63,80668.68,1.0,1.0,,0,37,1.2,307.1,12,14
642,0.023339301347732544,-2.943021297454834,-1.69,82505.367,1.0,1.0,,0,36,1.8,334.2,12,16
643,0.041990697383880615,-4.10122013092041,-1.5,70042.938,1.0,1.0,,0,34,1.1,283.8,12,15
644,0.04143331199884415,-3.0400848388671875,-1.27,58010.094,1.0,1.0,,0,30,1.2,297.9,12,15
645,0.05200587958097458,-2.800900936126709,-1.26,56610.547,1.0,1.0,,0,30,1.9,333.1,12,14
646,0.03512176498770714,-4.492380142211914,-1.93,86843.93,1.0,1.0,,0,32,1.4,321.5,12,14
647,0.034520912915468216,-3.672865867614746,-1.47,57591.184,1.0,1.0,,0,32,1.3,313.5,12,15
648,0.01483564916998148,-4.033316612243652,-1.41,71581.211,1.0,1.0,,0,29,2.0,328.9,12,15
649,0.033091265708208084,-4.598649978637695,-1.68,66118.672,1.0,1.0,,0,28,1.2,298.7,11,14
650,0.015255741775035858,-2.4418551921844482,-0.99,48990.184,1.0,1.0,,6,29,1.4,308.5,12,15
651,0.05104615539312363,-3.1702637672424316,-1.47,67257.938,1.0,1.0,,0,31,1.4,310.1,12,16
652,0.030119743198156357,-2.5659608840942383,-1.61,80627.219,1.0,1.0,,0,34,1.3,299.4,12,15
653,0.04436766356229782,-2.881312370300293,-1.54,58615.648,1.0,1.0,,0,34,1.5,332.9,12,15
654,-0.002471993211656809,-3.8341989517211914,-1.61,85149.906,1.0,1.0,,0,37,1.9,340.2,12,15
655,0.025457050651311874,-4.065987586975098,-1.32,67321.922,1.0,1.0,,0,33,1.3,311.2,12,16
656,0.04485907405614853,-3.3481545448303223,-1.43,70636.742,1.0,1.0,,0,33,2.1,346.6,12,14
657,0.03847230598330498,-4.985169410705566,-1.62,66271.922,1.0,1.0,,0,35,1.5,302.7,12,15
658,0.026239292696118355,-2.987553596496582,-1.33,63970.102,1.0,1.0,,0,34,1.2,306.0,12,16
659,0.029477251693606377,-2.8484673500061035,-1.22,50880.617,1.0,1.0,,0,30,1.5,317.8,11,14
660,0.048136308789253235,-3.495105743408203,-0.83,43270.336,1.0,1.0,,0,28,1.4,319.5,12,15
661,0.023355484008789062,-4.3445820808410645,-0.89,36426.312,1.0,1.0,,6,27,1.7,324.5,12,16
662,0.03472267463803291,-4.669340133666992,-1.28,65069.273,1.0,1.0,,0,30,1.4,326.5,12,16
663,0.00959961861371994,-4.771671295166016,-1.23,58187.25,1.0,1.0,,0,30,1.5,325.6,12,14
664,0.04651718586683273,-3.7747106552124023,-1.53,67754.281,1.0,1.0,,0,34,1.7,319.2,12,16
665,0.043761394917964935,-3.3564538955688477,-1.28,60253.668,1.0,1.0,,0,36,1.6,315.6,12,15
666,0.04125002399086952,-3.9164552688598633,-1.54,63333.785,1.0,1.0,,0,35,1.6,327.1,12,15
667,0.037083469331264496,-3.2537989616394043,-1.21,70924.797,1.0,1.0,,0,36,1.5,313.4,12,15
668,0.028181616216897964,-3.439976692199707,-1.87,82964.312,1.0,1.0,,0,38,2.2,342.3,12,15
669,0.009149597026407719,-5.1132683753967285,-0.97,43662.785,1.0,1.0,,0,33,2.3,344.8,12,14
670,0.016281498596072197,-6.097649574279785,-1.48,71934.367,1.0,1.0,,0,32,1.5,310.0,12,15
671,0.04756449535489082,-3.428762197494507,-1.1,47303.422,1.0,1.0,,6,30,1.9,334.8,12,15
672,0.02930634468793869,-3.8603904247283936,-1.59,64364.121,1.0,1.0,,0,33,1.7,329.2,12,14
673,0.034072145819664,-4.190042018890381,-1.1,49721.602,1.0,1.0,,0,30,1.8,319.2,12,14
674,0.02742261439561844,-3.9703876972198486,-1.22,55510.594,1.0,1.0,,0,33,1.8,334.0,12,15
675,0.04492736607789993,-3.3161416053771973,-1.52,68869.562,1.0,1.0,,0,32,1.7,327.7,12,15
676,0.0079248808324337,-4.637057304382324,-1.54,69895.188,1.0,1.0,,0,30,1.6,321.8,11,14
677,0.037418633699417114,-3.7538094520568848,-1.64,67864.211,1.0,1.0,,0,33,1.9,334.7,12,15
678,0.040542036294937134,-4.355354309082031,-1.61,69462.125,1.0,1.0,,0,35,1.3,299.3,12,14
679,0.03403777629137039,-2.72605037689209,-1.7,79666.672,1.0,1.0,,0,34,1.9,320.0,12,15
680,0.021220490336418152,-3.279092311859131,-1.02,45608.5,1.0,1.0,,0,31,1.7,315.1,12,15
681,0.05852752923965454,-2.943819522857666,-1.71,77842.422,1.0,1.0,,0,36,1.8,327.9,12,15
682,0.02893022447824478,-4.183082103729248,-1.63,76740.133,1.0,1.0,,0,36,1.4,322.9,12,15
683,0.04211970418691635,-3.892364025115967,-1.55,64862.641,1.0,1.0,,0,36,1.7,324.2,12,15
684,0.029145855456590652,-4.274121284484863,-2.21,100505.0,1.0,1.0,,0,41,1.3,307.8,12,15
685,0.044514287263154984,-3.5047991275787354,-1.49,75576.477,1.0,1.0,,0,34,1.5,316.8,12,16
686,0.0360058918595314,-2.8145203590393066,-1.3,49197.859,1.0,1.0,,0,34,1.6,334.9,12,17
687,0.039546966552734375,-4.446086406707764,-1.27,56663.977,1.0,1.0,,0,33,1.6,322.3,12,15
688,0.04375559091567993,-4.188851356506348,-1.41,61554.453,1.0,1.0,,0,35,1.6,324.6,12,16
689,0.048231810331344604,-4.280355453491211,-1.31,59317.836,1.0,1.0,,0,36,1.4,317.6,11,15
690,0.03362930566072464,-3.0543203353881836,-1.32,65174.398,1.0,1.0,,0,38,2.0,344.8,12,16
691,0.05681129917502403,-4.820707321166992,-0.86,38605.094,1.0,1.0,,0,36,1.7,336.9,12,15
692,0.03748974949121475,-4.213830471038818,-1.1,50837.77,1.0,1.0,,0,35,2.1,340.3,12,15
693,0.0460396334528923,-4.150230407714844,-1.19,65378.078,1.0,1.0,,0,38,1.6,314.3,12,16
694,0.032711468636989594,-4.25888729095459,-1.66,70630.188,1.0,1.0,,0,38,1.6,312.8,12,15
695,0.033020686358213425,-3.531216859817505,-0.73,35619.137,1.0,1.0,,0,31,1.2,299.1,12,16
696,0.046925418078899384,-3.2048287391662598,-0.84,39481.695,1.0,1.0,,0,32,1.6,316.3,12,16
697,0.04328887164592743,-3.6621854305267334,-1.17,61665.598,1.0,1.0,,0,36,1.4,309.3,12,16
698,0.041984930634498596,-3.6445682048797607,-1.45,57646.789,1.0,1.0,,0,34,1.6,315.5,12,16
699,0.03775167465209961,-2.649660110473633,-0.83,37461.477,1.0,1.0,,0,32,1.7,330.2,12,16
700,0.04065416008234024,-4.782465934753418,-0.87,45222.973,1.0,1.0,,0,30,1.3,311.1,12,16
701,0.04506237432360649,-3.4810280799865723,-1.03,41458.691,1.0,1.0,,0,30,1.8,323.7,12,16
702,0.04362475872039795,-4.237945556640625,-1.26,56112.211,1.0,1.0,,0,31,1.6,321.6,12,16
703,0.042177099734544754,-3.3354640007019043,-1.19,50775.688,1.0,1.0,,0,32,1.5,307.2,11,15
704,0.02790813520550728,-3.048318386077881,-0.96,43272.211,1.0,1.0,,0,31,1.5,316.9,12,16
705,0.037244997918605804,-3.8303723335266113,-1.17,54777.734,1.0,1.0,,0,32,1.4,312.0,12,15
706,0.024995069950819016,-3.2326183319091797,-0.97,41594.117,1.0,1.0,,6,31,1.4,311.3,12,15
707,0.029018182307481766,-3.630063056945801,-1.43,68626.766,1.0,1.0,,0,34,1.5,318.5,12,15
708,0.03427613526582718,-3.6377923488616943,-1.51,70143.773,1.0,1.0,,0,33,1.2,295.6,12,16
709,0.011210542172193527,-2.7820072174072266,-1.21,50035.016,1.0,1.0,,0,30,1.7,324.3,12,15
710,0.04483392834663391,-3.0339884757995605,-1.7,74441.297,1.0,1.0,,0,37,1.3,315.8,12,15
711,0.031637027859687805,-2.849508762359619,-1.24,54337.73,1.0,1.0,,0,34,1.8,331.4,12,17
712,0.03344952315092087,-3.976095676422119,-1.16,53020.508,1.0,1.0,,0,31,1.2,309.1,11,15
713,0.02394850179553032,-2.78580904006958,-1.09,52485.438,1.0,1.0,,0,32,1.4,314.5,12,16
714,0.035416945815086365,-3.1064271926879883,-1.02,45393.57,1.0,1.0,,0,30,1.5,320.6,12,15
715,0.02054186537861824,-3.58730149269104,-0.89,39379.059,1.0,1.0,,6,30,1.2,310.8,12,18
716,0.029108718037605286,-3.7111148834228516,-1.23,56717.172,1.0,1.0,,0,29,1.7,324.1,12,16
717,0.0317855030298233,-3.54327654838562,-1.17,60959.609,1.0,1.0,,0,31,1.6,326.1,12,16
718,0.048677004873752594,-3.696928024291992,-0.95,45265.918,1.0,1.0,,0,30,1.4,310.1,12,16
719,0.02817470207810402,-3.5353047847747803,-1.21,53930.062,1.0,1.0,,0,29,1.7,330.5,12,16
720,0.04045986756682396,-3.9947397708892822,-0.94,42673.734,1.0,1.0,,0,32,1.8,324.9,12,15
721,0.03175273537635803,-4.04149055480957,-1.62,69105.625,1.0,1.0,,0,34,1.3,307.0,12,16
722,0.015120257623493671,-2.9826812744140625,-1.41,55049.309,1.0,1.0,,0,32,1.5,321.4,12,15
723,0.03289701044559479,-4.162192344665527,-1.07,49039.406,1.0,1.0,,0,30,1.0,301.4,12,17
724,0.03602662682533264,-2.275632381439209,-1.3,62099.258,1.0,1.0,,0,32,1.4,291.1,12,15
725,0.04422587901353836,-2.904017448425293,-1.05,46939.305,1.0,1.0,,0,30,1.0,297.4,12,17
726,0.04217486083507538,-3.5454726219177246,-1.75,73340.836,1.0,1.0,,0,34,1.4,313.9,12,15
727,0.018642514944076538,-4.325728893280029,-1.14,52920.477,1.0,1.0,,0,30,1.6,323.9,12,16
728,0.032745227217674255,-4.615231513977051,-1.45,61079.32,1.0,1.0,,0,32,1.2,311.5,12,16
729,0.031392890959978104,-3.4760992527008057,-1.1,46301.742,1.0,1.0,,0,30,1.5,320.0,12,16
730,0.01766957901418209,-4.044097900390625,-0.93,31261.391,1.0,1.0,,0,29,1.7,320.5,12,17
731,0.0345882847905159,-4.256242752075195,-1.18,58870.219,1.0,1.0,,0,33,1.7,325.2,12,16
732,0.03630917891860008,-4.630506992340088,-1.27,46848.672,1.0,1.0,,0,33,1.4,304.8,12,16
733,0.04807478189468384,-2.6071205139160156,-1.0,47220.906,1.0,1.0,,0,32,1.3,304.8,12,17
734,0.034829046577215195,-2.792043685913086,-1.56,67649.852,1.0,1.0,,0,33,1.4,319.3,12,15
735,0.04131805896759033,-4.132469177246094,-1.85,81765.156,1.0,1.0,,0,37,1.5,327.1,12,15
736,0.03346848487854004,-4.177786827087402,-1.5,67906.906,1.0,1.0,,0,32,1.7,331.9,12,16
737,0.025508742779493332,-3.7191951274871826,-1.57,81177.641,1.0,1.0,,0,32,1.6,320.8,12,16
738,0.04638081043958664,-4.289482116699219,-1.39,57562.133,1.0,1.0,,0,31,1.5,314.4,12,16
739,0.032613471150398254,-3.0370187759399414,-0.94,40467.031,1.0,1.0,,6,29,1.7,325.4,12,16
740,0.03607451170682907,-4.386081695556641,-1.46,77308.094,1.0,1.0,,0,33,1.4,303.9,12,16
741,0.033632099628448486,-3.7138543128967285,-1.12,50961.0,1.0,1.0,,0,32,1.6,325.4,12,15
742,0.04096575081348419,-3.744891881942749,-1.05,45063.734,1.0,1.0,,0,30,1.8,325.2,12,16
743,0.04371160268783569,-3.8239173889160156,-1.21,53113.406,1.0,1.0,,0,33,1.5,319.4,11,15
744,0.04141205549240112,-3.7301926612854004,-1.31,54404.578,1.0,1.0,,0,35,1.6,321.2,12,16
745,0.027607835829257965,-3.3093388080596924,-1.42,63687.27,1.0,1.0,,0,35,1.3,302.8,12,16
746,0.018298909068107605,-2.8673624992370605,-1.13,53436.539,1.0,1.0,,0,31,1.6,326.9,12,15
747,0.04028606414794922,-4.189379692077637,-1.26,58113.703,1.0,1.0,,0,31,1.5,313.0,12,17
748,0.026401622220873833,-3.407884359359741,-1.51,70505.281,1.0,1.0,,0,36,1.6,317.0,12,16
749,0.030956115573644638,-4.091739177703857,-1.33,54574.578,1.0,1.0,,0,32,1.5,317.3,12,16
750,0.022112170234322548,-3.8180534839630127,-1.76,87651.984,1.0,1.0,,0,37,1.6,319.6,12,16
751,0.0580785758793354,-4.66933012008667,-1.3,61920.461,1.0,1.0,,0,34,1.2,299.8,12,16
752,0.02546030655503273,-4.187373161315918,-1.88,98808.664,1.0,1.0,,0,38,1.2,311.8,12,16
753,0.04590509086847305,-3.774628162384033,-1.07,48513.016,1.0,1.0,,0,34,1.5,319.9,12,16
754,0.044475361704826355,-3.813999652862549,-1.46,73377.992,1.0,1.0,,0,35,1.5,320.8,12,16
755,0.05660207197070122,-4.428133964538574,-1.74,76535.133,1.0,1.0,,0,36,1.6,311.7,12,15
756,0.05082802474498749,-4.226799488067627,-1.27,55948.859,1.0,1.0,,0,35,1.8,332.4,12,15
757,0.03507944941520691,-4.1958112716674805,-1.53,65526.844,1.0,1.0,,0,37,1.2,294.7,12,16
758,0.016680268570780754,-3.7281365394592285,-1.93,91433.719,1.0,1.0,,0,38,1.3,307.1,12,16
759,0.034725628793239594,-3.736429452896118,-1.36,65946.539,1.0,1.0,,0,35,1.4,310.4,12,15
760,0.030185647308826447,-4.056778907775879,-1.24,45590.574,1.0,1.0,,0,31,1.7,320.2,12,16
761,0.016272231936454773,-3.820140838623047,-1.5,70063.469,1.0,1.0,,0,35,1.6,317.3,12,17
762,0.03804031386971474,-4.564633369445801,-1.19,58861.406,1.0,1.0,,0,31,1.2,295.7,12,17
763,0.028641998767852783,-2.956481456756592,-1.43,63795.188,1.0,1.0,,0,33,1.9,338.6,12,17
764,0.030436741188168526,-4.829894065856934,-1.5,68002.609,1.0,1.0,,0,34,1.5,316.8,12,16
765,0.03769026696681976,-3.7423079013824463,-1.77,74461.258,1.0,1.0,,0,34,1.9,336.1,12,16
766,0.03085380420088768,-4.089290618896484,-1.49,63544.125,1.0,1.0,,0,34,1.4,311.4,12,16
767,0.04503234475851059,-4.177494049072266,-1.72,77050.344,1.0,1.0,,0,35,1.5,312.6,12,16
768,0.018452724441885948,-3.5818188190460205,-1.42,67245.297,1.0,1.0,,0,34,1.6,332.3,12,17
769,0.024657081812620163,-4.074850082397461,-1.71,74329.82,1.0,1.0,,0,34,1.7,328.6,12,16
770,0.030932504683732986,-3.884984254837036,-1.18,57367.816,1.0,1.0,,0,30,1.4,313.3,12,17
771,0.04803185909986496,-4.076517105102539,-0.98,48699.043,1.0,1.0,,0,31,1.7,325.5,12,16
772,0.04991994798183441,-4.073678970336914,-1.5,70347.055,1.0,1.0,,0,33,1.3,299.9,12,16
773,0.0354963019490242,-3.9533326625823975,-1.34,59379.465,1.0,1.0,,0,30,1.1,317.1,12,15
774,0.030723828822374344,-3.245710611343384,-1.49,65854.977,1.0,1.0,,0,32,1.6,322.7,12,16
775,0.03102170117199421,-4.711265563964844,-1.26,55773.641,1.0,1.0,,0,30,1.4,321.2,12,16
776,0.021109402179718018,-4.111452579498291,-1.53,69872.047,1.0,1.0,,0,34,1.1,307.2,12,16
777,0.04441852495074272,-3.5317511558532715,-1.61,74487.672,1.0,1.0,,0,35,1.0,308.5,12,17
778,0.032534413039684296,-3.6435999870300293,-2.13,99177.898,1.0,1.0,,0,38,1.2,302.1,12,16
779,0.029871810227632523,-3.7183761596679688,-1.53,75119.062,1.0,1.0,,0,34,1.2,304.5,12,16
780,0.03443118557333946,-3.518319606781006,-1.82,77320.188,1.0,1.0,,0,36,1.5,312.2,12,15
781,0.028850628063082695,-3.668280601501465,-1.04,50642.617,1.0,1.0,,0,32,1.4,315.3,12,17
782,0.04157116264104843,-4.301695823669434,-1.3,55988.289,1.0,1.0,,0,30,1.6,315.6,12,15
783,0.025284741073846817,-3.1423022747039795,-1.44,58520.316,1.0,1.0,,0,32,1.7,322.9,12,17
784,0.031863003969192505,-3.0815558433532715,-0.98,44300.867,1.0,1.0,,0,33,1.5,319.6,12,16
785,0.027764109894633293,-4.268163204193115,-1.17,53855.965,1.0,1.0,,0,31,1.3,304.3,12,17
786,0.039177730679512024,-3.185816764831543,-0.89,43011.742,1.0,1.0,,0,31,1.3,303.1,12,16
787,0.045219916850328445,-3.35701847076416,-1.03,53778.973,1.0,1.0,,0,34,1.6,316.4,12,15
788,0.048008620738983154,-3.994967460632324,-1.23,55358.336,1.0,1.0,,0,33,1.5,322.6,12,17
789,0.04803454875946045,-4.267731189727783,-1.5,70319.438,1.0,1.0,,0,38,1.4,317.5,12,16
790,0.034402359277009964,-3.3796873092651367,-1.14,55877.914,1.0,1.0,,0,36,1.3,304.2,12,17
791,0.048596031963825226,-3.8610334396362305,-1.5,75228.094,1.0,1.0,,0,34,1.7,325.2,12,17
792,0.04465325176715851,-3.928163528442383,-1.15,57006.727,1.0,1.0,,0,34,1.6,315.3,12,16
793,0.037746503949165344,-3.8952810764312744,-1.09,53277.141,1.0,1.0,,0,32,1.4,317.4,12,16
794,0.01602136716246605,-3.420494556427002,-1.45,60925.18,1.0,1.0,,0,35,1.4,322.0,12,17
795,0.044953618198633194,-4.744019031524658,-0.64,25807.012,1.0,1.0,,0,30,1.3,318.1,12,16
796,0.009599868208169937,-3.097322463989258,-1.27,55529.172,1.0,1.0,,0,30,1.9,328.8,12,17
797,0.028372565284371376,-3.958362340927124,-1.33,61327.93,1.0,1.0,,0,33,1.4,315.0,12,17
798,0.026853956282138824,-3.9596080780029297,-1.05,53205.602,1.0,1.0,,0,31,1.7,333.5,12,16
799,0.030910732224583626,-5.586590766906738,-0.91,44978.637,1.0,1.0,,0,30,1.3,316.5,12,16
800,0.03820032626390457,-3.191234827041626,-0.97,37750.418,1.0,1.0,,0,31,1.3,319.0,12,16
801,0.04200185090303421,-4.050291538238525,-1.76,90756.953,1.0,1.0,,0,39,0.7,275.3,11,16
802,0.03689469397068024,-2.7639243602752686,-0.98,33743.281,1.0,1.0,,0,32,1.1,311.1,12,16
803,0.030631687492132187,-3.9144558906555176,-1.22,55700.859,1.0,1.0,,0,35,1.0,290.4,12,16
804,0.03307076916098595,-2.7067248821258545,-1.19,57819.922,1.0,1.0,,0,35,1.5,315.5,12,16
805,0.033884041011333466,-4.570010662078857,-0.94,49038.656,1.0,1.0,,0,32,1.2,288.2,12,15
806,0.037650831043720245,-3.5031704902648926,-1.03,54684.312,1.0,1.0,,0,34,1.1,307.0,12,17
807,0.016400935128331184,-3.7313830852508545,-1.3,58644.465,1.0,1.0,,0,33,1.8,327.1,12,15
808,0.021617135033011436,-3.8595192432403564,-1.49,63134.93,1.0,1.0,,0,35,1.3,313.4,12,16
809,0.021861616522073746,-3.705116033554077,-0.95,43405.383,1.0,1.0,,0,31,1.6,319.4,12,15
810,0.03730302304029465,-3.7612500190734863,-1.84,81476.484,1.0,1.0,,0,36,1.6,312.8,12,16
811,0.021625859662890434,-3.5345325469970703,-1.45,74134.055,1.0,1.0,,0,36,1.0,299.2,11,16
812,0.04589994251728058,-3.2597994804382324,-1.34,52318.875,1.0,1.0,,0,31,1.8,324.7,12,16
813,0.02284693717956543,-3.9590561389923096,-1.47,60703.285,1.0,1.0,,0,32,1.7,333.5,12,16
814,0.03394997864961624,-3.197845458984375,-0.99,44674.156,1.0,1.0,,0,30,1.7,329.6,11,15
815,0.03487792983651161,-3.9050376415252686,-1.06,55011.945,1.0,1.0,,0,31,1.5,310.1,12,16
816,0.04228908568620682,-3.338273048400879,-1.18,61437.16,1.0,1.0,,0,34,1.6,322.8,12,16
817,0.001079551875591278,-4.390424728393555,-1.46,72748.516,1.0,1.0,,0,31,1.4,315.4,12,15
818,0.034556154161691666,-4.625879287719727,-1.1,47407.133,1.0,1.0,,0,29,1.6,321.3,12,15
819,0.021020468324422836,-4.443671226501465,-1.03,51593.035,1.0,1.0,,0,30,1.5,317.7,12,15
820,0.01969829574227333,-4.060550212860107,-0.93,35631.555,1.0,1.0,,6,28,1.6,317.1,12,17
821,0.03298822417855263,-3.0276498794555664,-1.29,68109.5,1.0,1.0,,0,29,1.7,328.2,12,16
822,0.023093119263648987,-4.528108596801758,-1.13,60272.113,1.0,1.0,,0,30,1.4,297.7,12,16
823,0.028067702427506447,-3.459822654724121,-1.1,40189.133,1.0,1.0,,0,27,1.4,313.5,12,16
824,0.03369329869747162,-3.3995938301086426,-1.01,43117.387,1.0,1.0,,0,27,1.8,324.4,12,16
825,0.032699160277843475,-3.8064589500427246,-0.95,36089.527,1.0,1.0,,0,27,1.2,302.0,12,17
826,0.02534307911992073,-3.3017046451568604,-1.12,54331.465,1.0,1.0,,0,29,1.0,285.3,12,15
827,0.03637906163930893,-2.969721794128418,-0.95,42698.605,1.0,1.0,,0,28,0.9,294.8,11,16
828,0.0319475382566452,-2.6525886058807373,-0.96,38855.047,1.0,1.0,,6,27,1.3,324.0,12,16
829,0.024851839989423752,-5.213150978088379,-0.74,38325.863,1.0,1.0,,0,25,2.0,338.1,12,15
830,0.034207820892333984,-4.280163764953613,-1.24,59192.875,1.0,1.0,,0,28,1.5,325.8,12,15
831,0.028725307434797287,-4.0873799324035645,-1.09,43656.68,1.0,1.0,,0,28,1.4,307.6,12,16
832,0.041944216936826706,-3.7063112258911133,-1.21,62655.156,1.0,1.0,,0,29,1.1,301.4,12,16
833,0.06737786531448364,-3.1984570026397705,-0.75,36335.453,1.0,1.0,,0,27,0.9,305.6,12,17
834,0.049883462488651276,-3.5657577514648438,-1.37,54440.0,1.0,1.0,,0,32,1.5,338.6,12,15
835,0.029600854963064194,-3.877166748046875,-1.0,42524.828,1.0,1.0,,0,32,1.8,324.1,12,16
836,0.025757625699043274,-4.212632656097412,-1.09,51780.719,1.0,1.0,,0,34,1.5,308.7,12,16
837,0.03247622773051262,-3.903057813644409,-1.41,67814.266,1.0,1.0,,0,35,1.4,324.8,11,16
838,0.018334101885557175,-4.224176406860352,-1.24,58768.438,1.0,1.0,,0,33,1.4,318.8,12,16
839,0.027185026556253433,-4.246694087982178,-1.0,43223.816,1.0,1.0,,0,36,1.3,288.1,12,15
840,0.031543418765068054,-2.606318950653076,-1.57,76884.055,1.0,1.0,,0,34,1.4,319.5,11,16
841,0.03400322049856186,-3.97316837310791,-1.41,68601.711,1.0,1.0,,0,37,1.4,306.7,11,16
842,0.043604254722595215,-3.282201051712036,-1.38,67603.273,1.0,1.0,,0,35,1.4,316.6,12,16
843,0.03626399114727974,-3.491267681121826,-1.28,66828.203,1.0,1.0,,0,36,1.3,299.1,12,16
844,0.04348801076412201,-3.8874623775482178,-1.27,58523.633,1.0,1.0,,0,38,1.7,320.5,12,15
845,0.044807761907577515,-4.128696441650391,-1.24,52345.895,1.0,1.0,,0,36,1.4,320.9,12,16
846,0.026671824976801872,-3.485015869140625,-1.27,59945.484,1.0,1.0,,0,34,1.3,295.9,12,16
847,0.027982600033283234,-2.800184726715088,-1.12,47025.191,1.0,1.0,,0,37,1.4,310.8,11,16
848,0.045254968106746674,-3.4717512130737305,-1.71,77412.914,1.0,1.0,,0,40,1.2,316.8,12,16
849,0.024968339130282402,-3.2219858169555664,-1.15,51516.449,1.0,1.0,,0,35,1.4,319.2,12,16
850,0.032281842082738876,-3.670449733734131,-0.83,40135.191,1.0,1.0,,0,36,1.5,324.3,12,15
851,0.040846213698387146,-3.841513156890869,-1.42,68062.625,1.0,1.0,,0,36,1.6,318.4,12,16
852,0.006172141060233116,-4.195468902587891,-0.94,41412.492,1.0,1.0,,0,34,1.6,318.6,12,16
853,0.028587481006979942,-5.639878749847412,-1.34,66159.766,1.0,1.0,,0,36,1.6,312.7,12,16
854,0.01271076500415802,-3.7112948894500732,-0.99,45703.098,1.0,1.0,,0,33,1.8,314.8,12,15
855,0.04139433056116104,-3.8090765476226807,-1.56,83461.547,1.0,1.0,,0,39,1.1,301.2,11,15
856,0.03767784312367439,-3.804694175720215,-1.14,50945.867,1.0,1.0,,0,33,1.4,300.6,12,16
857,0.047039229422807693,-3.7614212036132812,-0.87,37859.531,1.0,1.0,,0,32,1.2,294.2,12,16
858,0.039190977811813354,-3.2729623317718506,-1.26,61350.539,1.0,1.0,,0,38,1.3,306.8,12,16
859,0.02958279848098755,-3.378244400024414,-1.18,48046.355,1.0,1.0,,0,35,1.6,317.6,12,16
860,0.01716548018157482,-3.625880718231201,-0.74,32400.592,1.0,1.0,,0,33,1.4,302.3,12,16
861,0.03331078216433525,-3.2608909606933594,-1.61,74018.984,1.0,1.0,,0,40,1.4,317.9,12,16
862,0.03864455223083496,-3.9010303020477295,-1.04,50583.652,1.0,1.0,,0,36,1.5,316.5,12,16
863,0.03674086928367615,-4.876418590545654,-1.43,71719.742,1.0,1.0,,0,40,1.3,307.6,12,16
864,0.03238915279507637,-3.586080551147461,-1.18,54004.902,1.0,1.0,,0,36,1.2,307.9,12,16
865,0.03976517915725708,-3.296492099761963,-0.96,50204.648,1.0,1.0,,0,36,1.7,311.7,12,15
866,0.03182253986597061,-3.727313995361328,-1.38,62449.957,1.0,1.0,,0,38,1.8,323.3,12,16
867,0.03467332199215889,-4.771244049072266,-1.36,56401.066,1.0,1.0,,0,37,1.6,320.0,12,16
868,0.04326240345835686,-3.292902946472168,-1.23,55327.844,1.0,1.0,,0,36,1.4,297.1,12,15
869,0.016506116837263107,-3.4622838497161865,-1.2,60562.0,1.0,1.0,,0,36,1.2,294.7,12,16
870,0.045955151319503784,-3.389796257019043,-1.22,54726.84,1.0,1.0,,0,36,1.5,309.8,11,15
871,0.02260330505669117,-4.01321268081665,-1.17,58188.594,1.0,1.0,,0,37,1.6,316.8,12,15
872,0.02742689661681652,-4.627531051635742,-1.37,68818.227,1.0,1.0,,0,37,1.5,319.6,12,15
873,0.04250890016555786,-4.808442115783691,-1.27,49932.93,1.0,1.0,,0,36,1.2,302.8,11,17
874,0.02666497603058815,-2.8827435970306396,-1.05,48450.578,1.0,1.0,,0,33,1.7,324.6,11,16
875,0.030283302068710327,-3.08370041847229,-0.86,40174.555,1.0,1.0,,0,33,1.3,310.1,12,16
876,0.03707504644989967,-3.656215190887451,-1.03,39933.781,1.0,1.0,,0,31,2.2,342.0,12,16
877,0.022147180512547493,-5.056955337524414,-1.39,64867.609,1.0,1.0,,0,37,1.8,333.1,12,16
878,0.02701641246676445,-4.618622779846191,-1.57,77056.68,1.0,1.0,,0,37,1.3,314.7,12,16
879,0.03347816318273544,-3.8443431854248047,-1.15,47331.918,1.0,1.0,,0,34,1.6,324.6,12,16
880,0.03352707624435425,-4.011667251586914,-1.37,55507.41,1.0,1.0,,0,36,1.6,320.2,12,16
881,0.034278370440006256,-3.9666543006896973,-2.29,108419.297,1.0,1.0,,0,41,1.3,307.5,12,16
882,0.019780950620770454,-3.2631707191467285,-1.37,65225.508,1.0,1.0,,0,32,1.3,304.0,12,17
883,0.00825851783156395,-2.778900146484375,-1.2,55976.43,1.0,1.0,,0,34,1.4,325.7,12,16
884,0.046324022114276886,-3.6420509815216064,-0.59,29556.816,1.0,1.0,,6,30,1.2,309.3,12,16
885,0.040081895887851715,-3.8542158603668213,-1.54,74208.688,1.0,1.0,,0,33,1.4,291.4,12,16
886,0.013171843253076077,-3.249086856842041,-1.71,85342.547,1.0,1.0,,0,38,1.0,288.0,12,16
887,0.0448341965675354,-3.622577667236328,-1.57,79708.195,1.0,1.0,,0,36,1.4,308.8,12,15
888,0.032441139221191406,-3.0736122131347656,-1.47,63627.609,1.0,1.0,,0,36,1.3,316.4,12,16
889,0.010462168604135513,-3.724005699157715,-1.02,43470.074,1.0,1.0,,0,32,2.1,337.6,12,16
890,0.015863919630646706,-4.977387428283691,-1.29,63581.988,1.0,1.0,,0,36,1.3,311.1,12,15
891,0.03385085612535477,-4.616542339324951,-1.3,61827.234,1.0,1.0,,0,33,1.5,314.1,11,16
892,0.040341656655073166,-3.8278298377990723,-1.07,50964.102,1.0,1.0,,0,32,1.5,320.8,11,16
893,0.017064739018678665,-3.2797374725341797,-1.31,57184.125,1.0,1.0,,0,32,1.7,312.3,12,16
894,0.03831426054239273,-3.9474658966064453,-1.55,77976.281,1.0,1.0,,0,35,1.5,325.5,12,16
895,0.02958143875002861,-4.099071502685547,-0.98,53347.652,1.0,1.0,,0,33,1.2,309.1,11,16
896,0.03679535910487175,-3.5658860206604004,-0.82,35966.242,1.0,1.0,,0,32,1.7,331.2,12,16
897,0.04455189406871796,-3.689079761505127,-1.1,54458.414,1.0,1.0,,0,34,1.0,297.1,12,17
898,0.04107093811035156,-3.5815951824188232,-1.08,53392.586,1.0,1.0,,0,34,1.3,304.1,12,16
899,0.053210899233818054,-3.600651741027832,-1.11,62842.285,1.0,1.0,,0,35,1.5,318.8,12,16
900,0.030911408364772797,-3.55385422706604,-0.84,30492.805,1.0,1.0,,0,34,1.3,301.3,12,16
901,0.035002004355192184,-3.327791213989258,-1.49,64420.785,1.0,1.0,,0,37,1.3,299.4,11,15
902,0.03990611433982849,-3.489737033843994,-1.18,53311.582,1.0,1.0,,0,34,1.2,297.8,12,16
903,0.022380253300070763,-2.6013646125793457,-1.42,71261.938,1.0,1.0,,0,36,1.4,325.1,12,16
904,0.031168660148978233,-4.11521577835083,-1.14,58792.883,1.0,1.0,,0,36,1.6,321.8,11,16
905,0.02665148302912712,-4.244266986846924,-1.42,64346.109,1.0,1.0,,0,36,1.2,305.9,12,16
906,0.024623295292258263,-4.930194854736328,-1.1,51664.172,1.0,1.0,,0,33,1.2,310.5,12,15
907,0.014423297718167305,-4.339167594909668,-1.1,53337.43,1.0,1.0,,0,34,1.3,308.5,12,16
908,0.029959576204419136,-3.4785194396972656,-0.97,46106.227,1.0,1.0,,0,32,1.4,304.5,12,15
909,0.0491679385304451,-3.9347872734069824,-1.14,50055.18,1.0,1.0,,0,34,1.1,303.4,11,17
910,0.02162119932472706,-3.6355161666870117,-0.98,51979.309,1.0,1.0,,0,34,1.1,285.2,12,17
911,0.04705606400966644,-3.432375192642212,-1.13,56035.375,1.0,1.0,,0,36,1.4,307.8,12,15
912,0.02109733410179615,-3.7044265270233154,-1.08,52491.77,1.0,1.0,,0,33,1.3,307.0,12,15
913,0.029460258781909943,-3.505418062210083,-1.35,58317.016,1.0,1.0,,0,35,1.3,313.0,11,16
914,0.033369794487953186,-3.2327122688293457,-1.87,84519.023,1.0,1.0,,0,40,1.1,292.7,11,16
915,0.055469200015068054,-3.6967906951904297,-1.17,53052.324,1.0,1.0,,0,38,1.3,304.8,12,16
916,0.04189208149909973,-3.410994052886963,-1.36,61014.734,1.0,1.0,,0,36,1.7,346.0,12,16
917,0.0295981764793396,-4.051827430725098,-0.77,38167.574,1.0,1.0,,0,37,1.1,303.5,12,16
918,0.030251014977693558,-3.5522942543029785,-0.83,41337.055,1.0,1.0,,0,33,1.7,318.9,12,16
919,0.03088667243719101,-3.24168062210083,-1.3,54219.762,1.0,1.0,,0,37,1.6,338.1,12,16
920,0.023354820907115936,-4.129005432128906,-1.69,76897.789,1.0,1.0,,0,37,0.9,302.1,12,15
921,0.03843161091208458,-3.0274133682250977,-1.39,67165.773,1.0,1.0,,0,37,1.2,304.7,12,15
922,0.01846931129693985,-2.9489500522613525,-0.96,46926.047,1.0,1.0,,0,36,1.3,312.2,11,16
923,0.029583627358078957,-3.802567481994629,-1.13,52428.148,1.0,1.0,,0,35,1.3,305.5,11,16
924,0.04269661009311676,-3.2004494667053223,-1.46,65060.391,1.0,1.0,,0,38,1.2,314.4,12,16
925,0.024553511291742325,-4.119504928588867,-1.63,68498.867,1.0,1.0,,0,38,1.3,307.4,11,16
926,0.015531972050666809,-3.465416193008423,-1.66,68591.953,1.0,1.0,,0,37,1.2,311.4,12,17
927,0.024537216871976852,-3.3816635608673096,-1.14,63762.906,1.0,1.0,,0,36,1.6,322.9,12,16
928,0.01599009335041046,-4.429406642913818,-1.53,65080.508,1.0,1.0,,0,37,1.4,317.0,12,16
929,0.03066737949848175,-3.726010322570801,-1.87,93884.07,1.0,1.0,,0,40,1.1,305.3,11,16
930,0.03422873094677925,-3.0988171100616455,-1.59,81092.297,1.0,1.0,,0,38,0.8,280.4,11,16
931,0.04056765139102936,-2.2549009323120117,-1.52,81433.547,1.0,1.0,,0,38,0.7,272.2,11,16
932,0.04192399978637695,-2.8249244689941406,-1.3,54149.312,1.0,1.0,,0,36,1.6,309.2,12,16
933,0.0585169717669487,-4.175395965576172,-1.5,75431.672,1.0,1.0,,0,38,0.7,299.3,12,17
934,0.04333410784602165,-3.218320846557617,-1.65,78453.156,1.0,1.0,,0,40,1.2,323.0,12,17
935,0.045104049146175385,-3.332237720489502,-1.84,88812.219,1.0,1.0,,0,42,1.2,313.6,12,16
936,0.028671428561210632,-3.038588762283325,-1.83,83573.109,1.0,1.0,,0,41,1.1,296.5,11,17
937,0.025425314903259277,-3.523451805114746,-1.56,66250.812,1.0,1.0,,0,38,1.1,312.4,11,17
938,0.0509641095995903,-3.599480152130127,-1.18,56615.176,1.0,1.0,,0,37,1.6,316.2,12,16
939,0.0452822707593441,-3.971143960952759,-1.31,69915.461,1.0,1.0,,0,41,1.3,302.6,12,16
940,0.0361034981906414,-3.5435357093811035,-1.4,62617.84,1.0,1.0,,0,39,1.3,296.7,12,16
941,0.03941655531525612,-4.0895256996154785,-1.36,72797.781,1.0,1.0,,0,39,1.2,300.8,12,16
942,0.03623279184103012,-4.02385950088501,-1.12,58362.227,1.0,1.0,,0,35,1.6,316.3,12,16
943,0.018280204385519028,-3.760363817214966,-1.03,44199.645,1.0,1.0,,0,36,1.4,309.0,11,16
944,0.03505803644657135,-3.8279943466186523,-1.46,70677.0,1.0,1.0,,0,40,1.1,298.6,12,16
945,0.03859724476933479,-2.607591152191162,-1.32,61102.531,1.0,1.0,,0,39,1.2,306.2,12,16
946,0.047125257551670074,-2.885634660720825,-1.15,48254.129,1.0,1.0,,0,37,1.5,317.1,11,16
947,0.036923833191394806,-3.241755723953247,-2.15,106957.031,1.0,1.0,,0,43,1.2,306.8,12,16
948,0.03417591378092766,-3.2820987701416016,-1.0,44266.5,1.0,1.0,,0,38,1.3,300.6,11,17
949,0.054142631590366364,-3.245697498321533,-1.31,54907.133,1.0,1.0,,0,37,1.0,297.9,12,16
950,0.04637881740927696,-2.98097562789917,-1.74,79322.141,1.0,1.0,,0,43,1.5,321.9,12,16
951,0.020096976310014725,-3.1797895431518555,-1.77,90443.797,1.0,1.0,,0,39,1.0,292.4,12,16
952,0.03686846047639847,-2.7622311115264893,-1.31,63940.66,1.0,1.0,,0,36,1.7,319.2,12,17
953,0.018839996308088303,-3.407456636428833,-1.51,69650.391,1.0,1.0,,0,40,1.0,281.9,11,16
954,0.010434691794216633,-3.1223297119140625,-1.25,58907.277,1.0,1.0,,0,39,1.1,293.7,11,16
955,0.0387670174241066,-3.1768765449523926,-1.53,80651.203,1.0,1.0,,0,38,1.3,300.9,12,16
956,0.016482513397932053,-3.173032760620117,-1.82,77405.219,1.0,1.0,,0,41,1.5,325.5,12,16
957,0.038687292486429214,-4.378774166107178,-1.91,85999.531,1.0,1.0,,0,40,1.3,319.1,12,16
958,0.04101002961397171,-2.788280963897705,-1.41,56815.945,1.0,1.0,,0,36,1.1,286.0,12,15
959,0.047458142042160034,-3.2403876781463623,-1.25,59255.969,1.0,1.0,,0,37,1.4,300.7,11,15
960,0.024848980829119682,-4.064399719238281,-1.63,83098.109,1.0,1.0,,0,41,1.5,318.9,12,16
961,0.03906022012233734,-3.3817758560180664,-1.37,65185.305,1.0,1.0,,0,37,1.2,303.3,12,16
962,0.023799434304237366,-3.412234306335449,-0.88,37927.316,1.0,1.0,,0,35,1.4,289.2,11,16
963,0.024639733135700226,-2.402857780456543,-1.25,60689.242,1.0,1.0,,0,38,1.2,297.8,12,16
964,0.03271965682506561,-3.035100221633911,-0.89,45761.086,1.0,1.0,,0,35,1.2,312.4,12,16
965,0.04101555794477463,-4.029013633728027,-1.71,82478.484,1.0,1.0,,0,39,1.7,323.5,12,16
966,0.03454459831118584,-4.1336517333984375,-1.48,69928.062,1.0,1.0,,0,38,1.1,303.5,12,16
967,0.039048656821250916,-3.192148208618164,-1.71,88171.758,1.0,1.0,,0,41,1.0,298.8,12,16
968,0.023226389661431313,-3.5370051860809326,-1.25,60684.504,1.0,1.0,,0,37,1.4,312.4,12,15
969,0.061263032257556915,-3.9347336292266846,-1.15,48541.758,1.0,1.0,,0,36,1.1,294.0,11,16
970,0.023616600781679153,-3.7587690353393555,-1.59,82188.078,1.0,1.0,,0,40,1.2,314.2,11,16
971,0.031145909801125526,-3.974432945251465,-1.86,91333.492,1.0,1.0,,0,42,1.5,331.9,12,16
972,0.013544289395213127,-5.613101005554199,-1.25,61663.633,1.0,1.0,,0,37,1.5,306.8,12,16
973,0.022433144971728325,-3.946012258529663,-1.5,68719.219,1.0,1.0,,0,37,1.4,318.3,12,16
974,0.03148820996284485,-3.5895636081695557,-1.6,77919.633,1.0,1.0,,0,40,1.2,309.3,11,16
975,0.05322059243917465,-3.388211488723755,-1.43,78406.727,1.0,1.0,,0,40,1.6,319.0,12,16
